,testId,instanceId,size,isEmpty,peek_obj_type,push,pop,clear,calledMethod,size_p,diff
5,1607937229936:292be2f6-d4b0-473c-a96b-5defc574f20a,1607937229936:13c437ee-f3e0-40e6-8eec-10ba6e8e7ebf,0,True,EmptyObject,FALSE,FALSE,TRUE,clear,0,No
10,1607937229936:0ba0f513-a950-411b-a4e6-5c692fe35ed2,1607937229936:ede4b51b-d96d-457b-afd8-dc885876704c,0,True,EmptyObject,FALSE,FALSE,TRUE,clear,0,No
12,1607937229935:e8b38ce8-5d63-4682-bf84-8538d730c089,1607937229935:9d0c136a-e1d6-4953-b2a9-671d5aeadba0,0,True,EmptyObject,FALSE,FALSE,TRUE,clear,0,No
19,1607937229935:84f8a098-cf1a-4a26-9bf0-41699797f861,1607937229935:3b138269-bcbf-44ae-bb1f-e6cc7c7a7fac,0,True,EmptyObject,FALSE,FALSE,TRUE,clear,0,No
21,1607937229935:7d0b9ac7-2021-43b6-b4a6-f7701730d985,1607937229935:4af0ef85-4492-4eb3-8e1a-e05e0db70e4d,0,True,EmptyObject,FALSE,FALSE,TRUE,clear,0,No
37,1607937229933:cf5264c5-fbc8-4c48-9be0-fba0c659b0e3,1607937229933:8b0a7908-20c5-4441-9c52-177d85fc3dd3,0,True,EmptyObject,FALSE,FALSE,TRUE,clear,0,No
39,1607937229933:c2720515-bdc7-4c1a-981e-b9df04b7cde5,1607937229933:64ead10b-c983-49fe-b02c-a67970c78874,0,True,EmptyObject,FALSE,FALSE,TRUE,clear,0,No
43,1607937229933:7f65c2f9-d03e-4beb-b91a-7b9f4c43639e,1607937229933:40c8873f-c433-42d2-9d12-1eb57a3cfb99,0,True,EmptyObject,FALSE,FALSE,TRUE,clear,0,No
46,1607937229933:066d6d78-54e8-45bf-8896-785771f3f751,1607937229933:1b074f85-6843-4447-846d-44bb7bd7a2ce,0,True,EmptyObject,FALSE,FALSE,TRUE,clear,0,No
51,1607937229932:42f3c591-142b-4e37-b02a-23bddbc51707,1607937229932:5a12d66f-50b7-4720-af73-168c44e8dc01,0,True,EmptyObject,FALSE,FALSE,TRUE,clear,0,No
53,1607937229932:3da65ddf-053d-4f1a-b24f-da83255638f6,1607937229932:c767dab2-803e-43eb-8c52-3d93403252bd,0,True,EmptyObject,FALSE,FALSE,TRUE,clear,0,No
66,1607937229930:b4040416-b05e-4c42-99bb-c2e95bdf48c6,1607937229930:b8e41f10-813f-41b3-8ae1-a9ec99e1fad0,0,True,EmptyObject,FALSE,FALSE,TRUE,clear,0,No
68,1607937229930:b3b398cc-202d-4cc9-afd6-cd8e98115705,1607937229930:fcc4ee4d-03e8-414c-8b16-54842a41cce0,0,True,EmptyObject,FALSE,FALSE,TRUE,clear,0,No
74,1607937229930:403dfb72-605b-4cca-8826-1d5f43c80699,1607937229930:17764b5e-ff2f-46e4-82e3-473835138b26,0,True,EmptyObject,FALSE,FALSE,TRUE,clear,0,No
80,1607937229929:ca8a861d-4c0e-4245-b37c-cd2c0378f496,1607937229929:d6e2ca3d-a664-40a5-baea-60e4c13e1d71,0,True,EmptyObject,FALSE,FALSE,TRUE,clear,0,No
86,1607937229929:7403a886-bfe1-4ce0-bdc7-b5e99fb321ab,1607937229929:d8e3bca4-103e-4107-8be2-99d71ce5fb26,0,True,EmptyObject,FALSE,FALSE,TRUE,clear,0,No
96,1607937229928:8c5d7b1e-3478-45e0-946d-79034fdf4398,1607937229928:d3b54d53-ed7b-4cd0-bd33-58063960d7fb,0,True,EmptyObject,FALSE,FALSE,TRUE,clear,0,No
107,1607937229927:e9ddca29-4dea-4ab1-9902-ecbd96cd19aa,1607937229927:a3d633a4-7583-42ed-89f2-1e9cd79e8f0c,0,True,EmptyObject,FALSE,FALSE,TRUE,clear,0,No
109,1607937229927:b0dc0672-c677-4a5a-80c9-23d230c2e3ff,1607937229927:45523bbe-10e3-4af2-a41c-3d58875e7af2,0,True,EmptyObject,FALSE,FALSE,TRUE,clear,0,No
114,1607937229927:83d41b0f-072b-422b-8a28-74c8e125dba2,1607937229927:09e2ed71-406b-42ca-bd0d-2bf225995fdb,0,True,EmptyObject,FALSE,FALSE,TRUE,clear,0,No
122,1607937229926:f062e24f-a7ae-4d2c-a6cb-26332111f1de,1607937229926:03442b5e-9111-41c6-8fec-e4937d5f4f67,0,True,EmptyObject,FALSE,FALSE,TRUE,clear,0,No
124,1607937229926:c9e5962b-39c6-427d-ab16-990fe8b37dcb,1607937229926:9cf67e18-8d73-4123-b732-b9071aa7c6e0,0,True,EmptyObject,FALSE,FALSE,TRUE,clear,0,No
126,1607937229926:bc17d79e-a636-424b-9f4a-0f311ca467a7,1607937229926:669a5f1e-ba92-4b57-9a6b-e5a3596b9ed6,0,True,EmptyObject,FALSE,FALSE,TRUE,clear,0,No
129,1607937229926:a87ae26a-1c24-4e0f-99c0-7b9a2915fc5f,1607937229926:6908d9b3-75f0-447a-9e7c-c87b7ce7a25d,0,True,EmptyObject,FALSE,FALSE,TRUE,clear,0,No
132,1607937229926:77fd3d56-0543-4092-9429-afd5cea609cb,1607937229926:97fb4cc8-3300-4622-96a4-dc8da7e78d0e,0,True,EmptyObject,FALSE,FALSE,TRUE,clear,0,No
135,1607937229926:615ef17b-1ad6-4594-97ae-8875c61c693b,1607937229926:9c47eb6d-5b8c-40f5-9931-5e76b244394b,0,True,EmptyObject,FALSE,FALSE,TRUE,clear,0,No
140,1607937229925:773e21a8-8800-45ff-a2da-c7ecfbe53975,1607937229925:203db1d4-71f3-4255-9d2c-9fd261dac955,0,True,EmptyObject,FALSE,FALSE,TRUE,clear,0,No
146,1607937229925:3ec53bb1-9cd4-40be-bb86-95f407cc4426,1607937229925:25217dbb-185a-47e4-a734-ae0bc16fafcc,0,True,EmptyObject,FALSE,FALSE,TRUE,clear,0,No
152,1607937229924:f5025204-d66c-4f05-8d64-d922aad98aac,1607937229924:c72e7983-ad7a-4966-8bd1-a8922bd39e4c,0,True,EmptyObject,FALSE,FALSE,TRUE,clear,0,No
155,1607937229924:f0f521a2-5167-44d4-8aab-76ab2110a7d5,1607937229924:9a773fa5-47f9-4c57-bf27-ef2d48bcd1be,0,True,EmptyObject,FALSE,FALSE,TRUE,clear,0,No
160,1607937229924:8ba590ae-b9c2-4354-a0d6-ed8f70a876aa,1607937229924:5ad63b96-fa31-4851-bc76-fc7982fd1776,0,True,EmptyObject,FALSE,FALSE,TRUE,clear,0,No
162,1607937229924:6fd2a401-4cc8-465a-abf2-9c4aa095a2a0,1607937229924:e8a29ef4-0d64-4f3b-a5a4-d46e56cc0c05,0,True,EmptyObject,FALSE,FALSE,TRUE,clear,0,No
164,1607937229924:6d8ddd67-d56f-46cf-a266-eb088794a044,1607937229924:f03340d7-2413-4917-9bbf-69d6b1d7552a,0,True,EmptyObject,FALSE,FALSE,TRUE,clear,0,No
173,1607937229923:389edbe0-603a-4dfc-80eb-6333ade7c2f9,1607937229923:6a26e104-4eb0-41f0-bc4d-aa47d8f83848,0,True,EmptyObject,FALSE,FALSE,TRUE,clear,0,No
177,1607937229923:0fc01767-3108-4567-a400-49961a3d2c83,1607937229923:67d095ef-e377-4320-bcf5-c1894d0a4388,0,True,EmptyObject,FALSE,FALSE,TRUE,clear,0,No
181,1607937229922:fe22b3e4-fa06-4a1c-acc7-11148d5f44af,1607937229922:6b0d15e3-de04-4ce7-8de3-f889a335b98e,0,True,EmptyObject,FALSE,FALSE,TRUE,clear,0,No
184,1607937229922:d24af5e6-632c-4296-be78-9b6424c8a48c,1607937229922:f02351a5-dd5b-4c04-bdf3-d8b6cf05c25b,0,True,EmptyObject,FALSE,FALSE,TRUE,clear,0,No
186,1607937229922:d130376b-2247-4e98-8c7a-d77365ac4ae2,1607937229922:da2240fc-d649-4ed9-8e83-c19a09425866,0,True,EmptyObject,FALSE,FALSE,TRUE,clear,0,No
188,1607937229922:cb1d7921-2039-4dfc-886d-3fa22581d3c2,1607937229922:e86d9dff-61ed-4ff9-88dc-cd371b1944b5,0,True,EmptyObject,FALSE,FALSE,TRUE,clear,0,No
192,1607937229922:53b927ef-2a48-4fe1-9fb0-e3c8729edb00,1607937229922:1904696d-3e19-41f1-8ab7-0a20b8fad9f1,0,True,EmptyObject,FALSE,FALSE,TRUE,clear,0,No
200,1607937229921:9e9bffef-c1c0-4634-b43d-a4856bca6477,1607937229921:5560de9e-74fd-4429-ba4b-0db85fb7b849,0,True,EmptyObject,FALSE,FALSE,TRUE,clear,0,No
202,1607937229921:8c25cf51-1612-4286-8505-61f3b5a4fe6b,1607937229921:b341a496-d8c2-4050-967b-cde71b723d9a,0,True,EmptyObject,FALSE,FALSE,TRUE,clear,0,No
204,1607937229921:8aa93b88-5ff2-4e11-bf82-f3851e455c5b,1607937229921:47c87f6b-4d00-418c-a4a7-95f0ff2aa754,0,True,EmptyObject,FALSE,FALSE,TRUE,clear,0,No
208,1607937229921:50a84bd9-84c0-4ce7-9121-dfcd208334d2,1607937229921:f564c8d9-e167-427c-afb5-83ea73903e0f,0,True,EmptyObject,FALSE,FALSE,TRUE,clear,0,No
213,1607937229920:fe38dc90-9dec-4b1f-8305-baa3c7febe73,1607937229920:27428585-755a-4605-8435-61c41bc8875c,0,True,EmptyObject,FALSE,FALSE,TRUE,clear,0,No
216,1607937229920:bd3bda1d-a42a-473a-b0ba-e8a97520fc4c,1607937229920:ff51bfc4-71c2-4631-8385-ad4fd8969c79,0,True,EmptyObject,FALSE,FALSE,TRUE,clear,0,No
228,1607937229919:1f58bda5-4ee9-410d-9bc3-d8e1c78fde64,1607937229919:7769fcde-886a-4984-aa3d-f527520627ba,0,True,EmptyObject,FALSE,FALSE,TRUE,clear,0,No
230,1607937229919:0ecc8f40-1e51-4ea0-a4ed-6739bff7d6d3,1607937229919:30c5d471-96a2-4eda-95ec-3d25570abe32,0,True,EmptyObject,FALSE,FALSE,TRUE,clear,0,No
232,1607937229919:0717d31b-c1c9-4e5d-b439-59a68b82ac9a,1607937229919:d4a75a5e-d877-4906-9f8c-cba3939376e0,0,True,EmptyObject,FALSE,FALSE,TRUE,clear,0,No
239,1607937229918:6548fd5e-11f5-4655-a1f4-f3dd6c2e5ba3,1607937229918:9d537fc5-a29a-4034-9f0d-e927a1d68fe5,0,True,EmptyObject,FALSE,FALSE,TRUE,clear,0,No
240,1607937229918:6548fd5e-11f5-4655-a1f4-f3dd6c2e5ba3,1607937229918:9d537fc5-a29a-4034-9f0d-e927a1d68fe5,0,True,EmptyObject,FALSE,FALSE,TRUE,clear,0,No
241,1607937229918:6548fd5e-11f5-4655-a1f4-f3dd6c2e5ba3,1607937229918:9d537fc5-a29a-4034-9f0d-e927a1d68fe5,0,True,EmptyObject,FALSE,FALSE,TRUE,clear,0,No
243,1607937229918:6548fd5e-11f5-4655-a1f4-f3dd6c2e5ba3,1607937229918:4c88d003-8adc-451a-b294-7165ac7e6dd1,0,True,EmptyObject,FALSE,FALSE,TRUE,clear,0,No
250,1607937229917:83182a0a-2ec1-40e4-9bef-a4af02b1488e,1607937229917:425e8957-60a1-4d51-bd78-f507f2188727,0,True,EmptyObject,FALSE,FALSE,TRUE,clear,0,No
252,1607937229917:6fbe8767-3ac5-46fc-a597-b8ed0be2c919,1607937229917:64bf7463-94eb-47a5-ab46-e19fae4184bd,0,True,EmptyObject,FALSE,FALSE,TRUE,clear,0,No
256,1607937229917:41d9357f-044d-4b5d-a535-d2c99b27da89,1607937229917:4650156a-577d-42bb-9f97-37908e60b575,0,True,EmptyObject,FALSE,FALSE,TRUE,clear,0,No
259,1607937229917:161fe8b6-1ebb-4489-a5dd-f45eded4d6d4,1607937229917:86eef5c6-b73a-4e00-8b19-762f3d58a1bf,0,True,EmptyObject,FALSE,FALSE,TRUE,clear,0,No
270,1607937229916:0dac15ff-a429-48b3-9a82-b9ec5ed788b2,1607937229916:4baadb2a-f897-4e52-b0c7-4a6f7add544c,0,True,EmptyObject,FALSE,FALSE,TRUE,clear,0,No
272,1607937229916:0da2520e-d77b-4742-b1b4-7dcf964b75f0,1607937229916:0849b985-874b-4aed-8aae-c2beb0f8f305,0,True,EmptyObject,FALSE,FALSE,TRUE,clear,0,No
274,1607937229916:06822299-6ef7-40e5-abf3-33fd756177d2,1607937229916:5296f954-e533-4e76-a7af-ef6d1ea06bf9,0,True,EmptyObject,FALSE,FALSE,TRUE,clear,0,No
278,1607937229915:f9aceaf9-1bc6-478e-9869-cbd0b87105b5,1607937229915:5e904f5c-0dfa-4c46-a573-802ab0ec7234,0,True,EmptyObject,FALSE,FALSE,TRUE,clear,0,No
286,1607937229915:282df59a-2c03-4794-ac94-06cc42b0ba7f,1607937229915:8d3d522b-d8d4-45b0-ab78-185a4ac5a4f7,0,True,EmptyObject,FALSE,FALSE,TRUE,clear,0,No
288,1607937229914:db5c6dcd-76a4-41fe-9471-3f3197748458,1607937229914:a044f08e-5eb6-44b6-baa5-d5a55858514f,0,True,EmptyObject,FALSE,FALSE,TRUE,clear,0,No
295,1607937229914:0d5c9828-ec4f-4fb2-ba4f-b9be1efe99f4,1607937229914:b0514ee1-2c82-40a9-b4c5-c016ad607347,0,True,EmptyObject,FALSE,FALSE,TRUE,clear,0,No
297,1607937229913:c8c72208-dd8b-418c-ba4e-1aa14a465e36,1607937229913:3b9c6e17-f0e5-48c5-b460-ee07310ba5b3,0,True,EmptyObject,FALSE,FALSE,TRUE,clear,0,No
301,1607937229913:76798b28-dcb7-4c24-9b0c-a935a950ddb2,1607937229913:b0763b36-c3a1-45eb-a783-ea420925599f,0,True,EmptyObject,FALSE,FALSE,TRUE,clear,0,No
307,1607937229912:c17df246-fad4-441a-ad27-2d26790f83b8,1607937229912:95ef383a-21a6-46fb-aee8-aed50b9c2f86,0,True,EmptyObject,FALSE,FALSE,TRUE,clear,0,No
311,1607937229912:5ab2279a-9259-41c5-8ca3-d57d60bd1620,1607937229912:cf92abd0-a93a-486f-9815-cdddb9a6a09e,0,True,EmptyObject,FALSE,FALSE,TRUE,clear,0,No
316,1607937229911:a5ca2da1-30eb-48c8-9396-d8dc8ac12cf2,1607937229911:d46e071a-64a4-4a08-8ca0-fef31fdbf31d,0,True,EmptyObject,FALSE,FALSE,TRUE,clear,0,No
324,1607937229910:6b55cad5-7c98-4ba8-92d8-d738e6f94513,1607937229910:2133a31e-d07e-4063-ad61-2d23c8a7b553,0,True,EmptyObject,FALSE,FALSE,TRUE,clear,0,No
330,1607937229909:bb10c528-5dc9-44d1-866c-a1adf9635164,1607937229909:42615699-d59b-425f-9a4f-94c5d391a9ad,0,True,EmptyObject,FALSE,FALSE,TRUE,clear,0,No
337,1607937229908:fefc01c7-3128-489f-a5a4-1b2cd25d0ff6,1607937229908:a7168b3e-30ff-449f-a9ea-2d482ffa762f,0,True,EmptyObject,FALSE,FALSE,TRUE,clear,0,No
339,1607937229908:f2745261-e1a6-4bd0-962f-b2041633e013,1607937229908:ae31fad1-3d3a-4fb1-9d0b-4ddc95924292,0,True,EmptyObject,FALSE,FALSE,TRUE,clear,0,No
344,1607937229908:93ecdb2f-cec7-4084-af6c-bb7cb5d15ded,1607937229908:ec94e027-2941-4f6f-8e62-0c6a8ee85b2f,0,True,EmptyObject,FALSE,FALSE,TRUE,clear,0,No
346,1607937229908:8efdd9a0-31ac-4d91-8b57-958428d62fec,1607937229908:6622c2ef-1211-45bd-8a66-165fc8b70b6d,0,True,EmptyObject,FALSE,FALSE,TRUE,clear,0,No
348,1607937229908:700c3408-1293-49f9-98cf-2f0d458eb787,1607937229908:d9ce9aa1-2fb0-41d1-bea0-fc970d89cb95,0,True,EmptyObject,FALSE,FALSE,TRUE,clear,0,No
355,1607937229907:9fb5800c-0d49-4815-b7d7-4f5126bada68,1607937229907:0939d9c5-d0bf-419b-a1ac-5e7adb8f9b64,0,True,EmptyObject,FALSE,FALSE,TRUE,clear,0,No
357,1607937229907:7602b5ad-966d-4e8e-bdbb-38435d0bb70e,1607937229907:b4cea453-f723-4b48-9933-82890c7886c7,0,True,EmptyObject,FALSE,FALSE,TRUE,clear,0,No
363,1607937229906:cbc4deda-94d4-4ffe-8a1d-c829a4959f90,1607937229906:d4912433-1d8e-485f-a771-c23c7bf569b2,0,True,EmptyObject,FALSE,FALSE,TRUE,clear,0,No
366,1607937229906:4af53d69-ce9a-43d9-ac98-043abf95c2ed,1607937229906:aed82c7d-79ec-421e-9c36-898ec691fb05,0,True,EmptyObject,FALSE,FALSE,TRUE,clear,0,No
370,1607937229905:f84e5bf7-ecf8-4b08-9235-bb4bd0b39447,1607937229905:0f684cde-6f87-4fd7-ac99-412999b51d8f,0,True,EmptyObject,FALSE,FALSE,TRUE,clear,0,No
372,1607937229905:f1f7e4e9-7ae7-4329-bd19-c8bd7589eaeb,1607937229905:b552c82b-ea7f-4991-b96b-0cf084966898,0,True,EmptyObject,FALSE,FALSE,TRUE,clear,0,No
376,1607937229905:429b6db4-8635-41dd-b9ae-cc8f7b6e9990,1607937229905:ec047039-c383-4912-89d5-32aec7675524,0,True,EmptyObject,FALSE,FALSE,TRUE,clear,0,No
386,1607937229904:36b3f642-1350-411f-9868-f4a7ed535a0c,1607937229904:8340e8c4-ba72-4578-ae19-968dfe22fd16,0,True,EmptyObject,FALSE,FALSE,TRUE,clear,0,No
391,1607937229903:1d6e28db-a98c-43c0-9989-e0030bf0524a,1607937229903:89671a9b-7df0-47ed-b390-dec338c341f4,0,True,EmptyObject,FALSE,FALSE,TRUE,clear,0,No
393,1607937229903:13dd8dc0-a647-49bc-be6d-e440337eb9dc,1607937229903:40621b58-90c8-4b33-8eb2-8ec8d8871d8f,0,True,EmptyObject,FALSE,FALSE,TRUE,clear,0,No
398,1607937229902:c74a9e72-5d34-489d-858f-238161f458bb,1607937229902:cf3a354c-a46f-411e-bb5e-3383abe7d067,0,True,EmptyObject,FALSE,FALSE,TRUE,clear,0,No
400,1607937229902:b4c6856e-7fc6-41e0-8a25-aedf72afdc46,1607937229902:4616e044-8d50-43c1-bc47-3d948c1faf4a,0,True,EmptyObject,FALSE,FALSE,TRUE,clear,0,No
406,1607937229902:7e483af9-194b-4f3c-a282-36bf20bc948d,1607937229902:56834b7e-5f51-4512-bef7-42e5b68704e3,0,True,EmptyObject,FALSE,FALSE,TRUE,clear,0,No
410,1607937229901:e359c533-dede-4b57-8011-3d16647dbb88,1607937229901:0087debf-f1ff-49de-8955-8ffae9a894fb,0,True,EmptyObject,FALSE,FALSE,TRUE,clear,0,No
413,1607937229901:d6bbeae0-f330-43e3-bb2e-1f489bc411b1,1607937229901:24fb778a-5562-4ec0-8028-26a469cf4c71,0,True,EmptyObject,FALSE,FALSE,TRUE,clear,0,No
417,1607937229901:52f510ab-e123-4299-bcba-a3093617a57e,1607937229901:b6d2c3c3-8d69-4675-8d39-704fcc35d369,0,True,EmptyObject,FALSE,FALSE,TRUE,clear,0,No
420,1607937229900:eee13087-760a-4b5a-87ab-63fde2581e9c,1607937229900:47774b0c-4bea-41c8-8c8c-09393646a6fb,0,True,EmptyObject,FALSE,FALSE,TRUE,clear,0,No
430,1607937229899:61b1b6f5-0124-4189-96c2-48546145544d,1607937229899:d3fa5de3-9cf1-496d-8292-2ef0841fe7a2,0,True,EmptyObject,FALSE,FALSE,TRUE,clear,0,No
439,1607937229898:8ad21c03-fbe2-4286-9f3b-87beb997ae4b,1607937229898:bacb7454-ecfb-49b6-8dd3-98161c4118a6,0,True,EmptyObject,FALSE,FALSE,TRUE,clear,0,No
448,1607937229897:14440815-b330-460b-a2f7-5ee5ba3da69d,1607937229897:327291ec-9266-4900-bb76-a0db81dca49e,0,True,EmptyObject,FALSE,FALSE,TRUE,clear,0,No
450,1607937229897:0c5eed8f-410c-4b9a-9636-dcbb51e968e0,1607937229897:810def05-f3f8-48b8-9040-ea9916196ebc,0,True,EmptyObject,FALSE,FALSE,TRUE,clear,0,No
452,1607937229896:f8d28b77-ee12-4962-84fa-d7900a3ec5c9,1607937229896:b21fa118-1ed1-42b0-a5c3-a5a24c4ff5d4,0,True,EmptyObject,FALSE,FALSE,TRUE,clear,0,No
454,1607937229896:b8cdffb9-6a81-4e8c-a7e0-ddc74bbd9a22,1607937229896:32710c76-5a26-4e77-8634-90239e299ae0,0,True,EmptyObject,FALSE,FALSE,TRUE,clear,0,No
457,1607937229896:814dcf43-f65a-4693-a8da-742f060a0fd0,1607937229896:d6ca67ba-98f1-48ca-88e2-edaf68e372e1,0,True,EmptyObject,FALSE,FALSE,TRUE,clear,0,No
466,1607937229895:7b9c77ef-29c1-4bce-a7a9-79f18853f6f8,1607937229895:5f152380-0001-419c-a27f-8b6714f84266,0,True,EmptyObject,FALSE,FALSE,TRUE,clear,0,No
470,1607937229895:2ae1332d-4c9e-40fb-9ef3-a78238904de9,1607937229895:658d5f3b-3c66-47ee-8575-e429d09b1163,0,True,EmptyObject,FALSE,FALSE,TRUE,clear,0,No
476,1607937229894:826b4a74-2aab-4f78-8c9d-006c46d4068c,1607937229894:7e645082-a0bf-4765-bfa5-ebd06d410543,0,True,EmptyObject,FALSE,FALSE,TRUE,clear,0,No
478,1607937229894:5276e55b-d77b-47c2-9197-4004274d9ba6,1607937229894:88b494c0-007f-4a96-902e-3b099a30e05d,0,True,EmptyObject,FALSE,FALSE,TRUE,clear,0,No
480,1607937229894:18b006d5-7ee0-4854-a5c1-6f74f9216b14,1607937229894:ea3208c9-b4d6-45b9-9af2-ca1fbac11089,0,True,EmptyObject,FALSE,FALSE,TRUE,clear,0,No
483,1607937229893:ffaa7f89-993a-45ac-beb6-942bfbc2ed83,1607937229893:9cf51f90-1b64-4f2a-9890-4468c58d8903,0,True,EmptyObject,FALSE,FALSE,TRUE,clear,0,No
485,1607937229893:d1bb51cc-dd17-4489-8034-d3b497b83fb9,1607937229893:55c7dd60-ba87-4ac3-9215-831c598a0241,0,True,EmptyObject,FALSE,FALSE,TRUE,clear,0,No
492,1607937229893:5304d60b-6f11-44c4-a07b-5ff0a761af20,1607937229893:45d70d29-99cb-41d1-b1ff-de34b66d794f,0,True,EmptyObject,FALSE,FALSE,TRUE,clear,0,No
506,1607937229892:a23d665a-0c3e-4dc4-b864-f7877302edc9,1607937229892:0d7170b4-204c-45ca-b0b9-707abbb53f68,0,True,EmptyObject,FALSE,FALSE,TRUE,clear,0,No
509,1607937229892:4203aeb5-001d-4390-9a91-dd49b6c3c88e,1607937229892:5a828133-7656-495e-8ad0-0713ebf03f6b,0,True,EmptyObject,FALSE,FALSE,TRUE,clear,0,No
514,1607937229891:c4d7312f-cfec-4d01-b49c-4c6d9b549d8d,1607937229891:aaaf14b1-3388-4d1a-bef0-1457442bbad0,0,True,EmptyObject,FALSE,FALSE,TRUE,clear,0,No
523,1607937229891:1c4d3149-903b-4d51-8236-f14b2da29cd2,1607937229891:85c68fa5-6f44-46ae-bf38-9dcba1b312ec,0,True,EmptyObject,FALSE,FALSE,TRUE,clear,0,No
535,1607937229890:79d213aa-2efa-4ee0-97f9-849225ce5646,1607937229890:e7114fc3-ae44-49b0-a63c-2cdbd0f3f6d7,0,True,EmptyObject,FALSE,FALSE,TRUE,clear,0,No
537,1607937229890:66775357-eba4-4be9-87fd-a37650593f96,1607937229890:9b181ea0-f532-4ed2-9151-194620f29c15,0,True,EmptyObject,FALSE,FALSE,TRUE,clear,0,No
546,1607937229889:62f489b3-073a-4002-83ed-5305dcd52b72,1607937229889:5ba5a3f4-7302-4932-9256-4c34c82d6d71,0,True,EmptyObject,FALSE,FALSE,TRUE,clear,0,No
554,1607937229888:f30ee7a1-dc6b-4e4c-b95a-027020731140,1607937229888:c5dedc25-c511-471d-8f5a-0e0b9205567f,0,True,EmptyObject,FALSE,FALSE,TRUE,clear,0,No
557,1607937229888:e04f27cd-b6bd-4a68-ab02-17e133e1d5ab,1607937229888:61778595-623a-4ac4-a1bd-08004513b307,0,True,EmptyObject,FALSE,FALSE,TRUE,clear,0,No
564,1607937229888:05631d6b-ac0c-4009-8465-020e9b851cb2,1607937229888:ba143362-c0c0-46b8-ba1d-f98b5f427914,0,True,EmptyObject,FALSE,FALSE,TRUE,clear,0,No
566,1607937229887:ddc1b294-58d1-474b-bb4b-37d7320ef76a,1607937229887:96697906-848e-4cb2-8eec-44ec1e872069,0,True,EmptyObject,FALSE,FALSE,TRUE,clear,0,No
583,1607937229886:3613526e-34f3-4a2b-900e-6b5cc52cec4e,1607937229886:638704a6-8916-4150-a265-3fdb5f7747b6,0,True,EmptyObject,FALSE,FALSE,TRUE,clear,0,No
592,1607937229885:368bcb1f-1b00-42b8-9b0b-9d42981bf923,1607937229885:5f77d614-17ab-4fba-b88f-6b52e5538d1f,0,True,EmptyObject,FALSE,FALSE,TRUE,clear,0,No
595,1607937229885:111cb04b-7f5e-4e11-9ea1-74f4639866c8,1607937229885:704c2b4d-eb74-4fa4-a31e-d20f1c8adf5d,0,True,EmptyObject,FALSE,FALSE,TRUE,clear,0,No
608,1607937229884:31487494-5283-4207-be24-6e2eb928984c,1607937229884:30e4112d-fe32-499a-ab4e-902156a57301,0,True,EmptyObject,FALSE,FALSE,TRUE,clear,0,No
615,1607937229883:91d60676-5491-438f-9796-1c6d86434204,1607937229883:f57e4551-ad4d-437b-ad08-04c9edb3e1d7,0,True,EmptyObject,FALSE,FALSE,TRUE,clear,0,No
619,1607937229883:59b54222-ea0c-4c9e-9a9f-656f0d1b2482,1607937229883:29562fd2-cecf-4497-9e43-966fad26aee9,0,True,EmptyObject,FALSE,FALSE,TRUE,clear,0,No
638,1607937229881:729de649-9d1e-411a-8873-ccaa081c71e7,1607937229881:eeeafd1d-bbc5-4f0f-97d9-42644f0ef837,0,True,EmptyObject,FALSE,FALSE,TRUE,clear,0,No
642,1607937229881:41cbecb0-b3c5-4700-9c30-d9b8363b65d2,1607937229881:49140c72-3d0b-4f48-939f-f274ff9e7fd2,0,True,EmptyObject,FALSE,FALSE,TRUE,clear,0,No
648,1607937229880:e25136bb-221f-4e37-8c50-abc1391e4f4a,1607937229880:4ccafad6-91be-497c-ad5b-3e22b776aad3,0,True,EmptyObject,FALSE,FALSE,TRUE,clear,0,No
653,1607937229880:23d1848a-094c-4977-a9d9-25c88394eb5f,1607937229880:f9d5c691-4df6-445b-99a4-172d333f0fb7,0,True,EmptyObject,FALSE,FALSE,TRUE,clear,0,No
658,1607937229880:0119e9a5-354a-4a6a-bc5d-9a10843d3f92,1607937229880:c20759ff-31ff-4438-ad2e-6a901e5abd78,0,True,EmptyObject,FALSE,FALSE,TRUE,clear,0,No
663,1607937229879:c1fc323d-b20a-498d-9f0a-e15b7eecb644,1607937229879:10aa794a-22dc-4112-9d93-131bd7ceb893,0,True,EmptyObject,FALSE,FALSE,TRUE,clear,0,No
665,1607937229879:b53c86a7-a684-48c8-8a5f-1e14f9db2dc2,1607937229879:74eb7115-0826-4eea-8ffa-04b0d8dd2a62,0,True,EmptyObject,FALSE,FALSE,TRUE,clear,0,No
667,1607937229879:8c3d23dc-6ce8-4774-aa98-ab2837209df4,1607937229879:10caa53b-e51d-4e70-9ad2-44a0d92be219,0,True,EmptyObject,FALSE,FALSE,TRUE,clear,0,No
669,1607937229879:6425c48e-c140-4b12-82f8-b6a00d6cf0da,1607937229879:503253f5-c7da-461a-8ece-727bb25146a1,0,True,EmptyObject,FALSE,FALSE,TRUE,clear,0,No
674,1607937229879:39b4c6b2-865e-4656-87ac-be808bd05760,1607937229879:949d9c7e-4337-4c61-a0cd-f8a864f21ac4,0,True,EmptyObject,FALSE,FALSE,TRUE,clear,0,No
676,1607937229878:f2a709f3-ca9e-42b1-ae2c-d8456ac86b8b,1607937229878:5e8c6d17-686d-41ea-926f-dad8129cbc38,0,True,EmptyObject,FALSE,FALSE,TRUE,clear,0,No
678,1607937229878:dd54b0d3-b91d-43ca-8637-32ce09f11e25,1607937229878:8ae2f8b1-8485-4774-81e6-fcfef8fa88f8,0,True,EmptyObject,FALSE,FALSE,TRUE,clear,0,No
683,1607937229878:8f5e7d5b-3c00-4d88-89c1-11a569909b9d,1607937229878:d4c52f28-12e2-4b2f-bb02-530fff940e58,0,True,EmptyObject,FALSE,FALSE,TRUE,clear,0,No
688,1607937229878:1bc1fc41-88d9-4727-b3e0-897b640b98b6,1607937229878:c6a0ccbc-32e7-42b2-a011-4bfcf364be4a,0,True,EmptyObject,FALSE,FALSE,TRUE,clear,0,No
694,1607937229877:9a1b33a9-0f9b-43ea-b2a6-274df3327360,1607937229877:d30ae925-4dc5-48db-8ecc-6cc5095dc1ca,0,True,EmptyObject,FALSE,FALSE,TRUE,clear,0,No
697,1607937229877:4f1e3a8b-8881-490f-b5d3-7379f59aa65d,1607937229877:8df849df-094a-4fa1-87f1-f8cc5ea376ab,0,True,EmptyObject,FALSE,FALSE,TRUE,clear,0,No
715,1607937229874:7383b10a-4e2d-4f64-b716-4f476126dead,1607937229874:9fdc25ff-db46-47ed-a74d-8df463a2c878,0,True,EmptyObject,FALSE,FALSE,TRUE,clear,0,No
717,1607937229874:6eead34f-3116-4db7-8c8e-660f4b6e5262,1607937229874:a6ca14ff-d307-4167-bc9f-45fd25585a92,0,True,EmptyObject,FALSE,FALSE,TRUE,clear,0,No
727,1607937229872:45849b0b-55e0-4e39-b370-3317d45a4745,1607937229872:2678a535-17db-42d9-ab51-5992ef0bb42a,0,True,EmptyObject,FALSE,FALSE,TRUE,clear,0,No
733,1607937229871:c6e370c0-9d36-4cdd-9566-1b848ee9fc0d,1607937229871:6899f2f8-95b0-4f2a-83ca-a73a241e96cb,0,True,EmptyObject,FALSE,FALSE,TRUE,clear,0,No
746,1607937229870:75e3fd3d-15d3-4229-8541-4d859599f503,1607937229870:cc79e4aa-0439-44dc-9384-8e9d1b1df052,0,True,EmptyObject,FALSE,FALSE,TRUE,clear,0,No
748,1607937229870:62f68103-af5b-4684-827f-89f307229fa7,1607937229870:ded24403-f50e-4e62-a8d2-936561220eaf,0,True,EmptyObject,FALSE,FALSE,TRUE,clear,0,No
751,1607937229869:ff05b576-8200-439e-b821-dc47262c5034,1607937229869:c521f09e-6d6c-4c11-8ad7-b3cf3d742ccc,0,True,EmptyObject,FALSE,FALSE,TRUE,clear,0,No
768,1607937229867:8d9dfc4d-e64c-4dd3-a0b3-7b86168c2187,1607937229867:d42bec55-1331-46c7-ae11-43cadd19b2ed,0,True,EmptyObject,FALSE,FALSE,TRUE,clear,0,No
770,1607937229867:70a5b058-fa99-4249-80a0-19a8864ab336,1607937229867:e577f883-00bf-4d3d-94b3-a9d38a1e3bf2,0,True,EmptyObject,FALSE,FALSE,TRUE,clear,0,No
773,1607937229867:03f19d7f-f842-4bfd-b158-1ddaee4dab74,1607937229867:fdbfd0d9-553b-4c14-b0bb-7bd8e0c2fcc2,0,True,EmptyObject,FALSE,FALSE,TRUE,clear,0,No
783,1607937229865:fb1275d2-a68e-4818-84f1-f1d71a3ce099,1607937229865:3b046bd0-5e24-4d41-b772-b02ebce1a3b2,0,True,EmptyObject,FALSE,FALSE,TRUE,clear,0,No
793,1607937229864:6ed45555-b906-4baf-9158-dcb4d4cbe132,1607937229864:c04747ad-33c4-41fd-bac0-9744f6cc69b3,0,True,EmptyObject,FALSE,FALSE,TRUE,clear,0,No
799,1607937229863:d997564f-b895-4818-959e-cd83a8a789ce,1607937229864:0fafedd5-20aa-41bf-a1fb-cd62afea31d0,0,True,EmptyObject,FALSE,FALSE,TRUE,clear,0,No
802,1607937229863:8f26e496-dbe3-4e35-b27b-87540b9dd31c,1607937229863:a63886c2-9096-4070-a25c-d8c0911fa71d,0,True,EmptyObject,FALSE,FALSE,TRUE,clear,0,No
804,1607937229863:83e606f3-3535-4fa8-b84d-1e77b8acd89e,1607937229863:2a2c5f49-2826-4508-a3e3-744a4918b049,0,True,EmptyObject,FALSE,FALSE,TRUE,clear,0,No
810,1607937229862:dd922377-107c-4988-91ae-af79c2e73c7c,1607937229862:4a7609df-2988-4e79-9ac6-9a7022e00308,0,True,EmptyObject,FALSE,FALSE,TRUE,clear,0,No
814,1607937229862:4ad0c335-a228-4170-a1db-b4a3bb893ebf,1607937229863:26fb2f5f-763e-41d2-aa4f-e13ca8b525ba,0,True,EmptyObject,FALSE,FALSE,TRUE,clear,0,No
819,1607937229861:cbbdec56-c0ad-435b-a4b5-3049d709a8b4,1607937229862:135da012-dce6-4122-bb29-e25d16e5a184,0,True,EmptyObject,FALSE,FALSE,TRUE,clear,0,No
844,1607937229858:ab2e641a-ce2c-4764-8c2b-3be35f58ebfd,1607937229858:adf82853-80da-4fc4-83f7-720682ee6665,0,True,EmptyObject,FALSE,FALSE,TRUE,clear,0,No
848,1607937229858:5e368cf8-a7f7-4c70-a26d-c730edbc9f65,1607937229858:09c311d5-b9f9-4260-9d5f-dd9a3829733f,0,True,EmptyObject,FALSE,FALSE,TRUE,clear,0,No
857,1607937229857:06831852-6c6d-4261-8740-cc59041116e5,1607937229857:fcca29cf-1816-4238-85f0-bcfd82c52a78,0,True,EmptyObject,FALSE,FALSE,TRUE,clear,0,No
860,1607937229856:f881a729-d53c-4a95-a648-f7da153020cd,1607937229856:23026bc8-41d2-42d1-bf8d-ce4f937adfe0,0,True,EmptyObject,FALSE,FALSE,TRUE,clear,0,No
866,1607937229856:7e5513da-0cb9-4875-a06e-325c011fa580,1607937229856:dc590a89-f0d0-491d-8b65-39a5ac329ac3,0,True,EmptyObject,FALSE,FALSE,TRUE,clear,0,No
869,1607937229855:eb3f488f-faf2-427a-a0d5-b71a00dd7b95,1607937229855:3548fc34-dc76-4f94-86e0-a3404a8d5e50,0,True,EmptyObject,FALSE,FALSE,TRUE,clear,0,No
871,1607937229855:eafe6da1-6760-404b-8d8d-dc42e275d7a4,1607937229855:3e70962a-ad06-407e-a826-76fb4be9aae9,0,True,EmptyObject,FALSE,FALSE,TRUE,clear,0,No
874,1607937229855:d5cb1364-2732-40b2-9193-b32c22032297,1607937229855:fb016817-941b-4d9a-a44f-b1231cf04c33,0,True,EmptyObject,FALSE,FALSE,TRUE,clear,0,No
878,1607937229855:773ad44f-a39a-43bf-8573-242d5e6de3d9,1607937229855:c2f07e28-66d1-4134-a2f7-6848e463bd34,0,True,EmptyObject,FALSE,FALSE,TRUE,clear,0,No
885,1607937229854:3b793edd-9016-401c-a648-e41e6e9d4016,1607937229854:c2bf66fc-b20a-475b-8c1c-f1ff686f7dc5,0,True,EmptyObject,FALSE,FALSE,TRUE,clear,0,No
889,1607937229853:fde52a85-db65-488f-b045-8bb498bcdfb0,1607937229853:59c27a2e-9c47-4f43-88c9-6190f6e59ca6,0,True,EmptyObject,FALSE,FALSE,TRUE,clear,0,No
896,1607937229853:5b41c4cc-3f40-4c7a-bca5-56ed0994bf69,1607937229853:b4448fe7-d1a1-403c-90f0-9994530be99a,0,True,EmptyObject,FALSE,FALSE,TRUE,clear,0,No
898,1607937229853:4f3e7fb5-c023-4997-8da7-aaa66866d452,1607937229853:96b00580-50d4-4710-b348-5f4e970839c5,0,True,EmptyObject,FALSE,FALSE,TRUE,clear,0,No
902,1607937229853:178eead3-dc35-4ac0-bcd3-b6628c52308d,1607937229853:c062cbe8-1ec8-43ec-bc6e-1bf03e5cd23f,0,True,EmptyObject,FALSE,FALSE,TRUE,clear,0,No
905,1607937229852:f22ed1b1-3d01-4bf7-aedf-7c13f171c4da,1607937229852:0841d05e-ff11-45ce-944f-a3d592b3a314,0,True,EmptyObject,FALSE,FALSE,TRUE,clear,0,No
922,1607937229850:c7f7d33b-e943-47fc-8f1c-816fc961f1a6,1607937229850:155c12a1-e90b-448c-aaa4-a87de54cf9ed,0,True,EmptyObject,FALSE,FALSE,TRUE,clear,0,No
928,1607937229849:bfbac750-a1f5-4665-8080-c50daf3335a3,1607937229849:db5b3c9e-0961-4e21-a0ec-515a844f8640,0,True,EmptyObject,FALSE,FALSE,TRUE,clear,0,No
937,1607937229848:d5f27fc2-b5a8-46c1-8c4e-36813c9d6ac4,1607937229848:2000b963-0d3b-425b-8c24-5e792177cdb9,0,True,EmptyObject,FALSE,FALSE,TRUE,clear,0,No
955,1607937229846:9d5b605c-2b59-413a-8c5b-ccf67d21446a,1607937229846:15877202-304f-4e6e-adec-50ef20915c10,0,True,EmptyObject,FALSE,FALSE,TRUE,clear,0,No
957,1607937229846:7f4b9413-93f9-4fac-8aaf-ca07a25db3ca,1607937229846:6f70d032-61a0-432b-b335-72b47268c821,0,True,EmptyObject,FALSE,FALSE,TRUE,clear,0,No
958,1607937229846:7f4b9413-93f9-4fac-8aaf-ca07a25db3ca,1607937229846:6f70d032-61a0-432b-b335-72b47268c821,0,True,EmptyObject,FALSE,FALSE,TRUE,clear,0,No
959,1607937229846:7f4b9413-93f9-4fac-8aaf-ca07a25db3ca,1607937229846:6f70d032-61a0-432b-b335-72b47268c821,0,True,EmptyObject,FALSE,FALSE,TRUE,clear,0,No
967,1607937229845:d60f04fd-d415-4b5a-a01a-5764bcac92d0,1607937229845:74c489a3-a0ba-454a-91a3-a88551fd93b7,0,True,EmptyObject,FALSE,FALSE,TRUE,clear,0,No
969,1607937229845:b0acd1c7-059d-4e9c-821c-42343372581d,1607937229845:afc9f227-2d95-429c-8eb5-5faffe109c22,0,True,EmptyObject,FALSE,FALSE,TRUE,clear,0,No
971,1607937229845:a72533de-9f99-4021-add0-93eb0d894a8c,1607937229845:699cad6e-a031-4828-929a-ce0742a9a9e3,0,True,EmptyObject,FALSE,FALSE,TRUE,clear,0,No
979,1607937229844:38ed43e7-e0f0-4150-8474-2a9c3c600d2f,1607937229844:224fc75e-68e9-4b51-a931-a593308a32d6,0,True,EmptyObject,FALSE,FALSE,TRUE,clear,0,No
986,1607937229843:3f908684-f748-40bd-b2e0-699654c3c836,1607937229843:de1b21e5-9b3f-4865-b115-2568113d7819,0,True,EmptyObject,FALSE,FALSE,TRUE,clear,0,No
994,1607937229842:6baf9849-ba1b-47be-ae0a-5675c1d0c935,1607937229842:32eb8514-10fd-4d67-accf-216a151f02a7,0,True,EmptyObject,FALSE,FALSE,TRUE,clear,0,No
1000,1607937229841:b98b475f-9ac5-463d-8834-6e5591ca80c6,1607937229841:b7f0b7b8-80aa-4458-80ab-dc8f1f9c1532,0,True,EmptyObject,FALSE,FALSE,TRUE,clear,0,No
1005,1607937229841:306f611d-e5ec-456a-9ef9-060c31939629,1607937229841:b14bffdf-389f-48c5-bf62-e7cd86cabc91,0,True,EmptyObject,FALSE,FALSE,TRUE,clear,0,No
1007,1607937229841:2297de41-ebe3-44d6-b73f-20983746f149,1607937229841:bdc44548-876e-4355-a7a9-ce9a49bacbfd,0,True,EmptyObject,FALSE,FALSE,TRUE,clear,0,No
1016,1607937229839:ca0dc38a-ef4f-4238-a969-4ae2127996b1,1607937229839:3e3c76b9-c7e4-4e26-9bf7-dac16b360699,0,True,EmptyObject,FALSE,FALSE,TRUE,clear,0,No
1020,1607937229839:2b96a686-9dc6-450d-ba4d-993b6772475a,1607937229839:f7fd772e-237a-44cb-9a53-4b72a3d48e2b,0,True,EmptyObject,FALSE,FALSE,TRUE,clear,0,No
1027,1607937229838:584cda06-5f00-4483-b35a-467d04d0a59d,1607937229838:2e016b7d-4a79-4822-8658-4fd7733a8c5e,0,True,EmptyObject,FALSE,FALSE,TRUE,clear,0,No
1032,1607937229837:c7246e44-9d6f-491a-b095-179516ebe77e,1607937229837:7ceb41ed-9373-4725-b503-a43fd9238232,0,True,EmptyObject,FALSE,FALSE,TRUE,clear,0,No
1038,1607937229837:3b5dc9ae-ed60-4f86-ba2f-b835bf2e8331,1607937229837:bde9a1cb-84da-475c-be54-7630d9b43a32,0,True,EmptyObject,FALSE,FALSE,TRUE,clear,0,No
1053,1607937229835:49c9e27e-18b0-469f-965e-a521bad0d5f8,1607937229835:9f50dc55-1eb0-4677-b2bd-d51d7b3bf98a,0,True,EmptyObject,FALSE,FALSE,TRUE,clear,0,No
1055,1607937229835:1905c246-fd15-4e8f-a382-7e4c7e0f87d5,1607937229835:dd675e9b-9420-40da-9e42-9d9d43fba650,0,True,EmptyObject,FALSE,FALSE,TRUE,clear,0,No
1059,1607937229834:9e37eab5-46ce-43f3-bb36-fbd4cc8f31c4,1607937229834:0ba0deb4-77b9-453c-9853-4fd34540a104,0,True,EmptyObject,FALSE,FALSE,TRUE,clear,0,No
1070,1607937229833:65a9e210-aba7-4e1b-97dd-8328dcc4dd5d,1607937229833:10c0eb74-86cf-4767-9dc3-02d1514a9967,0,True,EmptyObject,FALSE,FALSE,TRUE,clear,0,No
1073,1607937229833:2d7b3256-4794-4f6b-b7b1-ec166f757884,1607937229833:812eaeba-4a0b-4cad-85e3-cc8c51ce3c6d,0,True,EmptyObject,FALSE,FALSE,TRUE,clear,0,No
1076,1607937229832:cd8392b6-9f90-4ad2-a9d3-d07c186a2802,1607937229832:29def895-d8cb-4d54-8620-ffad210b534e,0,True,EmptyObject,FALSE,FALSE,TRUE,clear,0,No
1080,1607937229832:733c815f-7e5f-4981-8612-0a25b04bd4bb,1607937229832:d0904f1d-cc73-41b5-99d4-e374bdee0150,0,True,EmptyObject,FALSE,FALSE,TRUE,clear,0,No
1084,1607937229832:07b753fd-2343-45dd-8019-0c1835abd907,1607937229832:7599dcd5-8418-4b86-962d-67254bd9bbbc,0,True,EmptyObject,FALSE,FALSE,TRUE,clear,0,No
1091,1607937229831:31de49f3-14d9-422c-887c-e92cfe33481e,1607937229831:a0e84353-727c-4278-9238-31b2dece1d72,0,True,EmptyObject,FALSE,FALSE,TRUE,clear,0,No
1097,1607937229830:72c5a2b9-eae7-4de4-acaa-1a2b2853d8ea,1607937229830:047dffd0-913c-402f-8114-82b2f58b0c60,0,True,EmptyObject,FALSE,FALSE,TRUE,clear,0,No
1100,1607937229830:6a4f4578-d900-4615-aa44-45f6ef0c8874,1607937229830:e337f896-002c-4bf3-84aa-56f2834d6ece,0,True,EmptyObject,FALSE,FALSE,TRUE,clear,0,No
1106,1607937229829:bf397f46-c2df-4523-84ff-b20c5f4ba59d,1607937229829:20c6d57c-59be-4a1b-bdf6-94e89e81e93e,0,True,EmptyObject,FALSE,FALSE,TRUE,clear,0,No
1108,1607937229829:9ce13a76-b759-444c-9f3f-080f4d907f83,1607937229829:59b81ce3-da73-4d62-953c-733839b9dfdb,0,True,EmptyObject,FALSE,FALSE,TRUE,clear,0,No
1113,1607937229828:b4fb8629-5ed1-4122-b9bf-81cb4bbaa5b2,1607937229828:e389a119-2392-42f1-b562-346b9385841b,0,True,EmptyObject,FALSE,FALSE,TRUE,clear,0,No
1123,1607937229827:c6d9d363-6985-448b-942a-47be0d731440,1607937229827:b35553e7-5d9c-468a-9e3f-56e3151f4e67,0,True,EmptyObject,FALSE,FALSE,TRUE,clear,0,No
1125,1607937229827:c2f0b6d1-3b35-4cf9-b18d-334e3c1d501b,1607937229827:4dde0479-e6f5-44b9-a699-8e9f672c0978,0,True,EmptyObject,FALSE,FALSE,TRUE,clear,0,No
1131,1607937229826:f7a5b8aa-13fe-4016-91e3-3bb7782838d9,1607937229826:ce2227f0-fd61-48b0-84bc-e3d03f302a7a,0,True,EmptyObject,FALSE,FALSE,TRUE,clear,0,No
1135,1607937229826:66991ff0-1f35-4f2f-b6af-b1ff0b0ef1d9,1607937229826:fc7e71ae-635c-409c-b9b3-d02346ca0a24,0,True,EmptyObject,FALSE,FALSE,TRUE,clear,0,No
1143,1607937229825:718b2572-7fa3-4757-8f77-81c2b44aa078,1607937229825:e270c1be-dba6-4f36-8fff-e173466b5822,0,True,EmptyObject,FALSE,FALSE,TRUE,clear,0,No
1152,1607937229824:720aa1b4-118a-45af-826d-7cbd3c55ad18,1607937229824:e789527d-2bf2-4e68-a913-5a50e7964e87,0,True,EmptyObject,FALSE,FALSE,TRUE,clear,0,No
1160,1607937229823:dd409ce7-d984-43e9-a89a-d95079309cfb,1607937229823:df557eb9-a7e8-4842-9536-725059f90bb8,0,True,EmptyObject,FALSE,FALSE,TRUE,clear,0,No
1163,1607937229823:434d04e5-c235-49b6-a0d6-bede3fdbeaed,1607937229823:4eb3efdd-6f42-4142-9195-7b79837f33cb,0,True,EmptyObject,FALSE,FALSE,TRUE,clear,0,No
1172,1607937229821:bb7e9830-17b0-4042-96b0-3a690058684a,1607937229821:c89b4e55-28ef-4b16-bc28-28d7c1a0a33e,0,True,EmptyObject,FALSE,FALSE,TRUE,clear,0,No
1177,1607937229821:33363c97-7bca-4197-b39f-9fd6ce367583,1607937229821:aba9e34c-e76b-4b92-8253-d65c6fe632e2,0,True,EmptyObject,FALSE,FALSE,TRUE,clear,0,No
1192,1607937229819:2ac183a5-cfaf-427f-8799-1185b3255a7a,1607937229819:03676181-cea3-4063-b848-4ef8f56b0788,0,True,EmptyObject,FALSE,FALSE,TRUE,clear,0,No
1195,1607937229819:029a7b1a-104e-4e4a-858c-b2de5d2d6788,1607937229819:411fe3ad-98f1-4007-9c03-86bb6af8bd57,0,True,EmptyObject,FALSE,FALSE,TRUE,clear,0,No
1197,1607937229818:a5b1a343-0cbb-48aa-b1c6-7af9c2a76f4f,1607937229818:25290038-a5ec-4c22-be9a-074a311ec5a3,0,True,EmptyObject,FALSE,FALSE,TRUE,clear,0,No
1199,1607937229818:a20894e0-bc35-4af4-8663-41900dc62ea2,1607937229818:98636129-84fe-47fc-bd66-37eb68bd4243,0,True,EmptyObject,FALSE,FALSE,TRUE,clear,0,No
1202,1607937229818:9219af11-8763-4455-b4d8-ab57dc81d330,1607937229818:784ec69a-c8ae-4eab-a0fd-04bfcc5ceb96,0,True,EmptyObject,FALSE,FALSE,TRUE,clear,0,No
1204,1607937229818:8a0cb111-f675-447a-b653-e1c11ff1b012,1607937229818:6af735b5-1de6-4430-bbce-e0e5a0b7231c,0,True,EmptyObject,FALSE,FALSE,TRUE,clear,0,No
1212,1607937229817:3b0e1177-27e8-4fbd-b4e9-9bac527506f3,1607937229817:4cd98461-c4eb-48e7-b3f6-3c48fed2431a,0,True,EmptyObject,FALSE,FALSE,TRUE,clear,0,No
1217,1607937229816:9e22b9eb-c1b8-46e5-88bd-5fdc9fb66f8c,1607937229816:f23fd761-ee5c-405b-8acf-f6c162ba6793,0,True,EmptyObject,FALSE,FALSE,TRUE,clear,0,No
1220,1607937229816:56a3e1f0-6a02-4d84-9803-41601292c3e0,1607937229816:4da0598a-f6be-434c-8556-bab99d3958ad,0,True,EmptyObject,FALSE,FALSE,TRUE,clear,0,No
1227,1607937229815:ac11dbfe-420e-4db6-a586-2cd74c2a1002,1607937229815:c5ead359-ef85-4d13-90cd-ffceb11bd1cf,0,True,EmptyObject,FALSE,FALSE,TRUE,clear,0,No
1230,1607937229815:8402f017-2634-4d5e-92df-00756a777880,1607937229815:ca03d957-0dac-4252-9f3d-1347c9b09dc4,0,True,EmptyObject,FALSE,FALSE,TRUE,clear,0,No
1235,1607937229814:a235923e-ee2e-46b6-980e-41dfc2260ca0,1607937229814:1e3ed711-fc34-4db1-b032-1cb76c72e642,0,True,EmptyObject,FALSE,FALSE,TRUE,clear,0,No
1250,1607937229812:b14f98b3-542c-47e3-8f13-422f2b141431,1607937229812:992934b5-cf1b-48b9-bf2a-13779b0c155e,0,True,EmptyObject,FALSE,FALSE,TRUE,clear,0,No
1256,1607937229811:b870961e-985a-4d0c-a610-2799a4e92fbe,1607937229811:37f5e932-8e44-45b6-97c3-80e195cee53e,0,True,EmptyObject,FALSE,FALSE,TRUE,clear,0,No
1260,1607937229811:8e8f1bb6-ee71-4d54-920f-dec2873e806b,1607937229811:eb7bd5b8-e1d5-4264-be99-6069e45c4b17,0,True,EmptyObject,FALSE,FALSE,TRUE,clear,0,No
1262,1607937229811:835aa0a7-8f10-41cf-a9f6-04ffa20d992b,1607937229811:37364bb9-fe26-44cb-bff6-dc2cef102ae7,0,True,EmptyObject,FALSE,FALSE,TRUE,clear,0,No
1265,1607937229811:6a7bcef4-fee8-46b5-b9ae-06ff88e90adf,1607937229811:0e819c1a-7278-45ff-a6e4-17402b66a1c2,0,True,EmptyObject,FALSE,FALSE,TRUE,clear,0,No
1269,1607937229810:adacf393-4dc0-41dc-be5c-748a9f2f7192,1607937229810:31e9a94a-0764-4e73-9fb0-4317f7b68048,0,True,EmptyObject,FALSE,FALSE,TRUE,clear,0,No
1273,1607937229810:3883780c-63b9-411b-b151-2a634cdb2893,1607937229810:ae06a035-2a0f-4ba7-b86e-cca95bdb3d96,0,True,EmptyObject,FALSE,FALSE,TRUE,clear,0,No
1276,1607937229810:15e569c5-9f98-4772-9da0-f8691c170752,1607937229810:c9a8b6fc-392c-43c0-a2de-2c56af719deb,0,True,EmptyObject,FALSE,FALSE,TRUE,clear,0,No
1280,1607937229809:c4313c9b-c59d-49d3-9821-0834a5b3ecc8,1607937229809:13726ab8-a108-4f97-a25e-0395a19cf71b,0,True,EmptyObject,FALSE,FALSE,TRUE,clear,0,No
1284,1607937229809:0b698cce-4cf2-4766-bd9e-4283d526c2ec,1607937229809:04e60b91-1ee8-4773-aaf7-4916b83fd1d1,0,True,EmptyObject,FALSE,FALSE,TRUE,clear,0,No
1287,1607937229808:8c461540-5be8-4799-a827-a70a794b1ca9,1607937229808:99126cc9-a5e7-4e62-ae2c-b4381b92a3d3,0,True,EmptyObject,FALSE,FALSE,TRUE,clear,0,No
1293,1607937229806:8a511703-4456-42de-93ad-ab5c5a8c0921,1607937229806:1c46432e-c805-4e38-b7de-f6cca58812fb,0,True,EmptyObject,FALSE,FALSE,TRUE,clear,0,No
1300,1607937229806:39567361-23c1-42ed-aaec-0dad5cb84620,1607937229806:01c73b4c-fba3-42ac-b12e-8d3c81e63fc9,0,True,EmptyObject,FALSE,FALSE,TRUE,clear,0,No
1303,1607937229805:fd87cac2-1d83-43cc-9738-8cf8155bc553,1607937229805:5f44e1a1-f51d-402f-8534-58cd480cbd70,0,True,EmptyObject,FALSE,FALSE,TRUE,clear,0,No
1308,1607937229805:dee28e90-4f31-43f4-91da-47c6ce4d64d5,1607937229805:31c57843-e1b1-4fca-bdf9-f721a950b0f1,0,True,EmptyObject,FALSE,FALSE,TRUE,clear,0,No
1310,1607937229805:7c82440c-d72a-460c-a028-ec0b89a920de,1607937229805:ad5098cf-35ac-43f5-bcb2-8752cc1983f4,0,True,EmptyObject,FALSE,FALSE,TRUE,clear,0,No
1312,1607937229805:797c253c-20e0-47a2-8e95-3cc7f1166e23,1607937229805:93501980-ace2-40d6-a148-1a1306ee43dd,0,True,EmptyObject,FALSE,FALSE,TRUE,clear,0,No
1315,1607937229805:5417247f-af6f-45bb-95fa-0424e6784196,1607937229805:ac5240ea-3049-4961-9567-7890447ec4dc,0,True,EmptyObject,FALSE,FALSE,TRUE,clear,0,No
1322,1607937229804:6303cbd8-7e00-468a-9a2e-972b645bf891,1607937229804:0caae1ff-9f58-4900-8182-a62984902a78,0,True,EmptyObject,FALSE,FALSE,TRUE,clear,0,No
1328,1607937229804:109d67ac-e27f-4f45-a766-735e5f5fd241,1607937229804:4b58e2ae-ccea-4306-a0f9-c83f548c82f6,0,True,EmptyObject,FALSE,FALSE,TRUE,clear,0,No
1333,1607937229803:6c3d0591-b317-4ad8-ae52-b9bd96af5a3a,1607937229803:3dbd656d-a0a1-4ef3-a782-530bfdaba7ee,0,True,EmptyObject,FALSE,FALSE,TRUE,clear,0,No
1339,1607937229802:f9d98d63-6e27-417f-be5f-eb7ed7da24a4,1607937229802:b1487a96-c5f2-4cc4-ac33-bbec65e76596,0,True,EmptyObject,FALSE,FALSE,TRUE,clear,0,No
1341,1607937229802:f676dd5e-a82c-4d95-abe7-082d56c20b52,1607937229802:12dab341-7680-4956-91e3-d4ce52d4c36f,0,True,EmptyObject,FALSE,FALSE,TRUE,clear,0,No
1349,1607937229801:b5f2fb17-01a4-40b8-8709-84a62458a1bd,1607937229801:ff63103f-c45e-4989-869d-f0f0ab188b43,0,True,EmptyObject,FALSE,FALSE,TRUE,clear,0,No
1351,1607937229801:982d010d-5f13-4746-bd16-2614a71477a6,1607937229801:048182c2-b16e-479d-a2fb-05d044959c57,0,True,EmptyObject,FALSE,FALSE,TRUE,clear,0,No
1357,1607937229801:1e9e87bf-4fac-4ae6-8a40-27fab387d359,1607937229801:ef3c709c-baf6-439f-bed5-96924879ece9,0,True,EmptyObject,FALSE,FALSE,TRUE,clear,0,No
1361,1607937229800:62924df2-b3c3-4d4c-8fb8-03708bc41f57,1607937229800:a5e1b1e0-146f-4f28-8d66-a6a6529095f2,0,True,EmptyObject,FALSE,FALSE,TRUE,clear,0,No
1368,1607937229799:f5e2eb11-c437-4850-95e0-9dcbc6ef1ace,1607937229799:16eb0b74-be87-463b-a158-ecb036f11bb4,0,True,EmptyObject,FALSE,FALSE,TRUE,clear,0,No
1370,1607937229799:e86ccab1-e044-4127-a4f2-c23d1a9b1a17,1607937229799:0421449f-cabe-4e41-855c-ecf5aa494e96,0,True,EmptyObject,FALSE,FALSE,TRUE,clear,0,No
1376,1607937229799:80136b21-506b-4d1c-9c6e-f951d0fcad1b,1607937229799:6f5e283d-48c8-4156-ac63-9c71c4828dc6,0,True,EmptyObject,FALSE,FALSE,TRUE,clear,0,No
1386,1607937229798:8becc5be-89be-4acf-904c-09e04b33f2a4,1607937229798:293b5637-8297-499a-81c5-e06ec072b675,0,True,EmptyObject,FALSE,FALSE,TRUE,clear,0,No
1389,1607937229798:518ec03b-d603-4a61-a942-1d7636505692,1607937229798:d80851aa-f429-448b-8702-c564df265ace,0,True,EmptyObject,FALSE,FALSE,TRUE,clear,0,No
1396,1607937229797:dd519c18-a9c0-47ae-bca0-d1392f70d0eb,1607937229797:bdd1fb9e-c48e-475c-bded-0970bbde4977,0,True,EmptyObject,FALSE,FALSE,TRUE,clear,0,No
1405,1607937229797:1e1f2f0a-c499-4da9-bb2d-1d1fdfb54128,1607937229797:20b2e36d-d181-4f0e-86e4-3720560a06a7,0,True,EmptyObject,FALSE,FALSE,TRUE,clear,0,No
1412,1607937229796:b63b156c-905c-486f-899c-f6da6b0495d1,1607937229796:32dfe253-ae2a-400a-83a6-cde7433bdb57,0,True,EmptyObject,FALSE,FALSE,TRUE,clear,0,No
1420,1607937229795:ac51be42-ea49-4ac5-8e30-acc6c386686c,1607937229795:f9bba5a5-f1fa-497a-ac63-9412fd62662f,0,True,EmptyObject,FALSE,FALSE,TRUE,clear,0,No
1427,1607937229795:17619e19-9e5f-4580-8611-e0c4144070d2,1607937229795:80918e06-e27d-4d75-82da-9299f7dc76f0,0,True,EmptyObject,FALSE,FALSE,TRUE,clear,0,No
1439,1607937229794:362937e8-6e93-4e3f-ae6a-ff520f415338,1607937229794:4e2f1bca-ba9b-4251-b345-ebc996acd98f,0,True,EmptyObject,FALSE,FALSE,TRUE,clear,0,No
1450,1607937229793:53cef3f9-5107-40a0-9567-728c84923e1d,1607937229793:8340a155-266d-4a24-9464-e68f1b54977a,0,True,EmptyObject,FALSE,FALSE,TRUE,clear,0,No
1476,1607937229790:ad13489c-a148-4d01-aa3b-e4bbc2d5a09b,1607937229790:ec789b65-2ca9-4b7e-9dab-bd73ab9e4e05,0,True,EmptyObject,FALSE,FALSE,TRUE,clear,0,No
1494,1607937229789:03df72e7-b0e3-4e40-bf21-9a7348719da6,1607937229789:fd4949b4-b367-4ac2-a82a-1a55a567aef5,0,True,EmptyObject,FALSE,FALSE,TRUE,clear,0,No
1502,1607937229788:9f03bd50-7fbb-4fe8-beb6-14f3c5972e74,1607937229788:1f0c733f-b6a4-4b5d-9214-1a9da042fed0,0,True,EmptyObject,FALSE,FALSE,TRUE,clear,0,No
1504,1607937229788:9a06988c-9669-497c-9a64-aac0a8c10e42,1607937229788:d73123f4-fb1e-46da-8337-8652d2b7f960,0,True,EmptyObject,FALSE,FALSE,TRUE,clear,0,No
1514,1607937229787:90ba8a39-6a03-4fe0-b40e-db626b2b7a30,1607937229787:6bf3e2f3-d746-4b3f-9d3d-748f1d2b5b55,0,True,EmptyObject,FALSE,FALSE,TRUE,clear,0,No
1519,1607937229787:2046ec74-59fe-488c-8870-6344cc9058b9,1607937229787:35867411-9159-4b0d-9936-c26934f92ea3,0,True,EmptyObject,FALSE,FALSE,TRUE,clear,0,No
1531,1607937229786:02603fbc-7f73-4b13-a053-a329e248a63e,1607937229786:543014de-0883-4472-b335-1573446204b8,0,True,EmptyObject,FALSE,FALSE,TRUE,clear,0,No
1535,1607937229785:955db868-63af-4486-8c96-dec4bb4d8b42,1607937229785:207c853e-6a71-4b32-a53f-8bdf97863a49,0,True,EmptyObject,FALSE,FALSE,TRUE,clear,0,No
1537,1607937229785:89c5f123-1d24-4330-ab41-2d00f9f264b0,1607937229785:14536639-a430-49c4-af0e-2c49efff2572,0,True,EmptyObject,FALSE,FALSE,TRUE,clear,0,No
1542,1607937229785:10953eed-2551-4986-ac0d-8df7ddb410fb,1607937229785:e8716c0d-6b22-4473-8223-38456576a11d,0,True,EmptyObject,FALSE,FALSE,TRUE,clear,0,No
1549,1607937229784:3d4cfc60-d602-4a3a-8396-63efd8ff6fef,1607937229784:3779487b-a6a0-400c-a6c2-b91d9a30be03,0,True,EmptyObject,FALSE,FALSE,TRUE,clear,0,No
1551,1607937229784:349df8c9-b823-4656-bd72-8a096600d740,1607937229784:4d8b2bf4-7f9d-47b9-a3e7-0caf8a5adfba,0,True,EmptyObject,FALSE,FALSE,TRUE,clear,0,No
1553,1607937229784:2fe1327e-0491-4815-b866-22a19fb4215e,1607937229784:5e7740b3-2e73-41b2-a290-34218b359b02,0,True,EmptyObject,FALSE,FALSE,TRUE,clear,0,No
1559,1607937229783:d0762761-f791-4e96-ac8b-d65568776652,1607937229783:55dcf68e-1396-480a-bc49-240a07c13e25,0,True,EmptyObject,FALSE,FALSE,TRUE,clear,0,No
1561,1607937229783:a412f3e2-a541-428c-bdd0-2fcb778d073e,1607937229783:77c1e2b6-9e85-4fba-9b83-615b3d408d49,0,True,EmptyObject,FALSE,FALSE,TRUE,clear,0,No
1564,1607937229783:a15d31a8-c5b9-4ced-bab9-56a8d2d5a314,1607937229783:05817e9a-331a-48bd-b3b0-df199c9f3a10,0,True,EmptyObject,FALSE,FALSE,TRUE,clear,0,No
1566,1607937229783:7437a3b1-326f-45e9-b580-34b0ca8d05ca,1607937229783:ec31f877-8d18-4b94-a890-df6a03096351,0,True,EmptyObject,FALSE,FALSE,TRUE,clear,0,No
1570,1607937229782:eb0f7083-feed-4bca-8674-47f4a38760cf,1607937229782:5e92c5d7-18e3-4eea-9c9c-3a90cc378aba,0,True,EmptyObject,FALSE,FALSE,TRUE,clear,0,No
1576,1607937229782:af935f65-d16c-48e8-a017-dac747aa13b5,1607937229782:32812bb6-1388-4cbc-a2be-307b247eec24,0,True,EmptyObject,FALSE,FALSE,TRUE,clear,0,No
1587,1607937229781:61179f8d-e667-40ae-a689-665df519cd5b,1607937229781:575c802c-23e9-422c-9478-83a5698bde11,0,True,EmptyObject,FALSE,FALSE,TRUE,clear,0,No
1589,1607937229781:4b41b46b-32ce-4b2f-83c1-27a03b79ac25,1607937229781:859adcbc-7646-44f2-9c88-23b3b69d4a52,0,True,EmptyObject,FALSE,FALSE,TRUE,clear,0,No
1591,1607937229781:3d74bfbc-4964-4ca8-8530-75651f9add3d,1607937229781:f0d8f5d3-756b-4cda-a632-ecb6615b4065,0,True,EmptyObject,FALSE,FALSE,TRUE,clear,0,No
1594,1607937229780:eaa53613-811c-4dbd-abae-eafc78d09a28,1607937229780:1afc6c49-2bd9-4d29-8276-216b7544e64e,0,True,EmptyObject,FALSE,FALSE,TRUE,clear,0,No
1596,1607937229780:a45a2592-3bbb-42b2-981f-b55ffd920977,1607937229780:c6333d58-b1e2-45e0-9860-60a40fcf057d,0,True,EmptyObject,FALSE,FALSE,TRUE,clear,0,No
1599,1607937229780:96214434-95a2-462a-a393-c0d298b62648,1607937229780:a84270ad-637d-4e8e-bd33-125c7aba2f28,0,True,EmptyObject,FALSE,FALSE,TRUE,clear,0,No
1601,1607937229780:8c56fae9-3ee4-490b-bb4a-797fc9abe9bc,1607937229780:18760a9e-ee68-44b2-809c-ac9c05def857,0,True,EmptyObject,FALSE,FALSE,TRUE,clear,0,No
1628,1607937229777:e1da6b38-cf8e-49bd-8019-3336b2d47a99,1607937229777:d174e728-be80-4e78-b885-4ed8a520355c,0,True,EmptyObject,FALSE,FALSE,TRUE,clear,0,No
1636,1607937229777:12cd55f4-85c0-488b-923c-f88395f7d83d,1607937229778:9c8d5841-9ea3-4036-a463-eea7c0a28631,0,True,EmptyObject,FALSE,FALSE,TRUE,clear,0,No
1642,1607937229776:03a14d45-3238-4092-b8ed-0818992521dc,1607937229776:f68f990c-61ff-40b2-b6c8-3db50893117c,0,True,EmptyObject,FALSE,FALSE,TRUE,clear,0,No
1646,1607937229775:c453b856-f768-47ef-84d3-920944daf407,1607937229775:4d1bda89-614d-4188-bb70-f33d434affad,0,True,EmptyObject,FALSE,FALSE,TRUE,clear,0,No
1651,1607937229774:db74fd1c-b646-461f-96e2-396975cee8e4,1607937229774:1f3bbab5-fdf1-433c-b77a-3966317dd576,0,True,EmptyObject,FALSE,FALSE,TRUE,clear,0,No
1659,1607937229773:98f7c87c-a237-4907-898f-80d90dbd7295,1607937229773:195d0e03-55d7-44aa-95eb-5518148e1185,0,True,EmptyObject,FALSE,FALSE,TRUE,clear,0,No
1662,1607937229773:53e5f09f-1744-4ba9-93dc-8f932e763810,1607937229773:a48a80a2-7162-4ae6-a0ee-9bed6de9792f,0,True,EmptyObject,FALSE,FALSE,TRUE,clear,0,No
1667,1607937229773:391a2eed-a7a8-4d41-a123-e8cb7841e603,1607937229773:c458765e-72e3-4ec5-bd75-a51b3678ea81,0,True,EmptyObject,FALSE,FALSE,TRUE,clear,0,No
1670,1607937229773:2a018f1b-a797-48d6-8096-47fd70d327a9,1607937229773:a128312a-d661-4274-8c7c-9b7d73354663,0,True,EmptyObject,FALSE,FALSE,TRUE,clear,0,No
1672,1607937229772:dd7e18a5-9368-42a1-a252-20951187833f,1607937229772:fa1bcfdf-567a-495f-a3be-0bdb0bf6033f,0,True,EmptyObject,FALSE,FALSE,TRUE,clear,0,No
1674,1607937229772:d9bf6045-b63f-454f-a6eb-e8a73f14e41b,1607937229772:e55c7cc0-66c6-4964-a480-c89c56195585,0,True,EmptyObject,FALSE,FALSE,TRUE,clear,0,No
1678,1607937229772:a1ddaffa-fbf9-41b1-acde-246139422554,1607937229772:1c5f730f-98ac-4d3c-88e9-1a6fdbab3c07,0,True,EmptyObject,FALSE,FALSE,TRUE,clear,0,No
1684,1607937229772:22790916-8b2c-4ae9-8ffd-f2174a4c668a,1607937229772:6114c070-e794-483a-834f-8e0f9a1d7193,0,True,EmptyObject,FALSE,FALSE,TRUE,clear,0,No
1691,1607937229771:9bc4db88-0126-43de-ae0a-0ef1f383c31c,1607937229771:c503b3e9-0b24-4a3e-b826-c6f24d449fff,0,True,EmptyObject,FALSE,FALSE,TRUE,clear,0,No
1699,1607937229770:a18d02f2-892c-4556-8437-a1cfe4eb3f1f,1607937229770:0e52c3ad-4cdd-4c7e-af3d-7e22786682fd,0,True,EmptyObject,FALSE,FALSE,TRUE,clear,0,No
1702,1607937229770:6b094646-f918-4d0c-b1ae-878216a7ab16,1607937229770:32ec7ee7-238e-4dc1-af09-cb5a62dc6384,0,True,EmptyObject,FALSE,FALSE,TRUE,clear,0,No
1705,1607937229770:4266f836-21d1-4309-9ee2-c7e2f8bbe507,1607937229770:799584e6-09d4-4c06-a22d-d8fd5dbc8ca5,0,True,EmptyObject,FALSE,FALSE,TRUE,clear,0,No
1707,1607937229770:112f7f62-edc0-4acc-bb0c-e39b42ff96f4,1607937229770:44360300-5603-4c58-8425-d984b353ed4e,0,True,EmptyObject,FALSE,FALSE,TRUE,clear,0,No
1711,1607937229769:f2d60f53-6641-4dc7-8f95-575b94a095a3,1607937229769:d17b1862-4655-4970-aa1d-62f23c3e9f6b,0,True,EmptyObject,FALSE,FALSE,TRUE,clear,0,No
1713,1607937229769:9f9c769d-5c19-4e11-b4a8-57eb0737e5b1,1607937229769:3520a381-83d2-468d-9752-28f672455db2,0,True,EmptyObject,FALSE,FALSE,TRUE,clear,0,No
1717,1607937229769:15889fe6-0ca1-4125-9991-68b47792ce18,1607937229769:5d7519bf-b2aa-434d-be77-0df40aec2d58,0,True,EmptyObject,FALSE,FALSE,TRUE,clear,0,No
1720,1607937229768:b99be81e-5663-4278-a2ea-7fe2e3679e98,1607937229768:7a279260-2c29-4398-8ebe-d26b3fed1429,0,True,EmptyObject,FALSE,FALSE,TRUE,clear,0,No
1722,1607937229768:b56901ef-6370-48b8-a304-097b0f0f9719,1607937229768:da23d788-0bb2-4957-ad50-3a7951b93639,0,True,EmptyObject,FALSE,FALSE,TRUE,clear,0,No
1730,1607937229767:b765a672-03a4-49cf-8467-a97716e58111,1607937229767:dd537320-6edc-4c39-b846-70e271c7f50b,0,True,EmptyObject,FALSE,FALSE,TRUE,clear,0,No
1734,1607937229767:a275c7a0-fcdc-41f5-a487-1e34491bc80f,1607937229767:38c414ae-1fbd-46b7-830a-002ac67601e2,0,True,EmptyObject,FALSE,FALSE,TRUE,clear,0,No
1745,1607937229766:bf4a1ca8-f69b-401b-9523-6c7c08752bd2,1607937229766:053ad01f-17f9-4ed1-acfc-7b93ae54e487,0,True,EmptyObject,FALSE,FALSE,TRUE,clear,0,No
1747,1607937229766:6413e069-8561-4b94-9404-8b182aab4f1f,1607937229766:b995b87b-3754-4a0b-8123-1ba96158bf03,0,True,EmptyObject,FALSE,FALSE,TRUE,clear,0,No
1750,1607937229765:8ede3795-edee-43df-8da3-85ea65afda6b,1607937229766:823a6352-7b74-4db2-a5cb-f40d8304d902,0,True,EmptyObject,FALSE,FALSE,TRUE,clear,0,No
1768,1607937229763:9bc1be6e-cbeb-41f4-92db-0f74b406d3b8,1607937229763:5bc92b22-29cd-4f09-b9b5-e21b353351a1,0,True,EmptyObject,FALSE,FALSE,TRUE,clear,0,No
1772,1607937229763:4271335f-ce86-410d-8f5e-2f7cc60a3a79,1607937229763:2464e4ee-b9c1-4985-8f2d-ba1c29b76d85,0,True,EmptyObject,FALSE,FALSE,TRUE,clear,0,No
1774,1607937229762:aa9087c1-5e78-43d1-b3db-19b262c583ff,1607937229762:18ff7fb2-d26c-4ae8-a4a5-9cf141a2f175,0,True,EmptyObject,FALSE,FALSE,TRUE,clear,0,No
1776,1607937229762:9d291694-55f6-46cb-9a1c-b563817a2bfc,1607937229762:71d4d0d6-8c0b-4166-acee-86dced85c726,0,True,EmptyObject,FALSE,FALSE,TRUE,clear,0,No
1781,1607937229762:0315f1a2-d875-4e56-94a7-63f5a10f3157,1607937229762:fb407bf3-1932-459c-ab84-3cdfed8a9de7,0,True,EmptyObject,FALSE,FALSE,TRUE,clear,0,No
1785,1607937229761:942d8ee2-f426-448b-9bbb-22726e69d2ce,1607937229761:ecfc8976-393b-4793-8f81-d35196d05d45,0,True,EmptyObject,FALSE,FALSE,TRUE,clear,0,No
1790,1607937229760:cea3d13b-ea18-48d4-bfae-5723e092a384,1607937229760:76e36a06-98d9-475e-86d3-9f1a0207d50b,0,True,EmptyObject,FALSE,FALSE,TRUE,clear,0,No
1793,1607937229760:7cf8d506-062c-4534-bd07-338f9d7775e8,1607937229760:58dd3e56-1959-4f8f-b2c9-a6f8e3b58711,0,True,EmptyObject,FALSE,FALSE,TRUE,clear,0,No
1797,1607937229759:ce63e517-6143-4193-91ab-1b085dfafe12,1607937229759:05adb11d-5415-4487-976b-eb470d34595c,0,True,EmptyObject,FALSE,FALSE,TRUE,clear,0,No
1801,1607937229759:afca893c-5c8c-4787-924a-49c22f56fd47,1607937229759:99cb17ad-c12b-4210-a8e2-2a1d349535d9,0,True,EmptyObject,FALSE,FALSE,TRUE,clear,0,No
1809,1607937229758:50803573-035a-4a36-a06c-f6485e963224,1607937229758:c3f061e3-f2ac-4abd-ad92-67f695096a55,0,True,EmptyObject,FALSE,FALSE,TRUE,clear,0,No
1814,1607937229756:f4e571f6-8916-4390-92fc-57fd95380ab0,1607937229756:136fead4-fe92-498e-b775-a8a7d31f403b,0,True,EmptyObject,FALSE,FALSE,TRUE,clear,0,No
1821,1607937229756:20ac0cb4-a008-415e-96c1-b23d3516a0f0,1607937229756:37930dd7-bfea-47cd-b789-fbd3bf43f5f7,0,True,EmptyObject,FALSE,FALSE,TRUE,clear,0,No
1838,1607937229754:5a02b61c-a17e-4731-9fbc-cfc47b76c636,1607937229754:1e659a59-13f3-42ab-abd5-6c1a2ab97d86,0,True,EmptyObject,FALSE,FALSE,TRUE,clear,0,No
1843,1607937229753:9a60a9c1-55da-442f-8827-c30d3bb79956,1607937229753:2be83908-fb9f-4f53-8db2-bdcc08c8b962,0,True,EmptyObject,FALSE,FALSE,TRUE,clear,0,No
1847,1607937229753:7082771d-92bc-4b89-9443-c09e0f554df7,1607937229753:5677bf2e-037b-40e6-8449-a3fead508381,0,True,EmptyObject,FALSE,FALSE,TRUE,clear,0,No
1861,1607937229751:c6560c49-a207-426f-8984-cf59be5be5d2,1607937229751:ab3d18f6-c3d0-4183-9fa5-b6d3415e596c,0,True,EmptyObject,FALSE,FALSE,TRUE,clear,0,No
1863,1607937229751:8f0e7ea1-855d-41a1-955f-99e22e22754f,1607937229751:b575132a-141b-4825-87b9-af3a9a4c74c5,0,True,EmptyObject,FALSE,FALSE,TRUE,clear,0,No
1867,1607937229751:0d488d4d-c528-4796-915c-818ba71949a1,1607937229751:b7fe7ad9-567f-4707-a421-28ce9f22adbc,0,True,EmptyObject,FALSE,FALSE,TRUE,clear,0,No
1881,1607937229749:8d43a5a3-3b25-4b18-bb64-f97556df5e36,1607937229749:6249acf0-c0ed-4363-bda6-5229d3b75024,0,True,EmptyObject,FALSE,FALSE,TRUE,clear,0,No
1887,1607937229748:d48d49f7-3178-42ec-9365-6e6777a727ce,1607937229749:c16c0d6f-47ce-43ab-8dfa-58d065eef06a,0,True,EmptyObject,FALSE,FALSE,TRUE,clear,0,No
1895,1607937229748:52bc245f-789c-4e4b-be80-a698de90193f,1607937229748:6d3f7808-3192-44c3-a7e2-2890158d0217,0,True,EmptyObject,FALSE,FALSE,TRUE,clear,0,No
1903,1607937229747:50438c44-b05b-4b29-96b7-4ba5f8094690,1607937229747:80d12abc-d87b-4f25-a4f7-9bfb54a444f6,0,True,EmptyObject,FALSE,FALSE,TRUE,clear,0,No
1905,1607937229747:27c188a0-316d-423c-9a10-352c9eb31d39,1607937229747:97b31974-2d87-4e2c-b624-7ca6e1b1f7da,0,True,EmptyObject,FALSE,FALSE,TRUE,clear,0,No
1910,1607937229746:8147cbf1-bc05-43d7-bd26-2d38d48ee001,1607937229746:4dbe5ac8-1c76-4a15-b5cb-ea14cc652c0c,0,True,EmptyObject,FALSE,FALSE,TRUE,clear,0,No
1943,1607937229742:b2555400-9e63-4bfc-9269-b403c2406cae,1607937229742:9a9338ae-cf09-4298-8b15-8ff7acbfc4ee,0,True,EmptyObject,FALSE,FALSE,TRUE,clear,0,No
1945,1607937229742:8a63c31e-8b9f-4d42-83f2-b14ab83f0679,1607937229742:5f876df8-150e-469c-9b55-d13369702017,0,True,EmptyObject,FALSE,FALSE,TRUE,clear,0,No
1947,1607937229742:788419a3-1bdb-4d52-b7b8-e305673dce59,1607937229742:57e7c334-e13f-4289-a923-91651ee968ad,0,True,EmptyObject,FALSE,FALSE,TRUE,clear,0,No
1949,1607937229742:3c198cba-590c-4ed5-98fd-16d5aa9e3db0,1607937229742:da3ca52e-47a8-4d0d-a7bf-65026dfc6f5a,0,True,EmptyObject,FALSE,FALSE,TRUE,clear,0,No
1951,1607937229742:28de7027-dd9b-4747-b729-8a6e79874500,1607937229742:5a8d0f97-b96f-45ff-8048-94eb1b60c0d9,0,True,EmptyObject,FALSE,FALSE,TRUE,clear,0,No
1953,1607937229742:0767b40d-985c-462f-952e-f8f57cd89271,1607937229742:23c30fbf-74ac-4fbf-ac23-e1a75bf4b480,0,True,EmptyObject,FALSE,FALSE,TRUE,clear,0,No
1962,1607937229741:5ed651d2-3341-457e-b28f-b7feee9d2310,1607937229741:9e7c166d-addb-4816-a158-ad944c28fc44,0,True,EmptyObject,FALSE,FALSE,TRUE,clear,0,No
1974,1607937229739:b5fe2c2a-87b9-499f-a7f1-0854386e5389,1607937229739:dd75306f-e377-4473-9a7f-76375e2ab337,0,True,EmptyObject,FALSE,FALSE,TRUE,clear,0,No
1977,1607937229738:62850672-5480-4f20-bf95-c7f2f24fb63d,1607937229738:f691bdd0-20da-4714-aa38-83a14e9e44f2,0,True,EmptyObject,FALSE,FALSE,TRUE,clear,0,No
1982,1607937229737:b2f0b58a-d7c4-404f-b5c1-41a36850b3f8,1607937229737:7e32937a-94ef-4f1a-9c8d-03cdfe9627f0,0,True,EmptyObject,FALSE,FALSE,TRUE,clear,0,No
1989,1607937229736:6730eff0-b247-4d8a-b0c7-b94d64b6b925,1607937229736:91478744-c143-4aef-8183-4469212225e3,0,True,EmptyObject,FALSE,FALSE,TRUE,clear,0,No
1996,1607937229734:52ecb9bf-556b-44b0-ad4b-7ed977fdf138,1607937229734:83049581-5014-4d83-932d-ca4909593349,0,True,EmptyObject,FALSE,FALSE,TRUE,clear,0,No
2008,1607937229732:d1f8444f-805f-47f5-8f45-e4f539827dda,1607937229732:1bbba6c2-ad73-44d9-b2af-e893c2508eb1,0,True,EmptyObject,FALSE,FALSE,TRUE,clear,0,No
2011,1607937229732:c03584ef-7e47-456d-9daa-ecf86e46a6c0,1607937229732:16287698-0801-4c55-9787-493a39ac4207,0,True,EmptyObject,FALSE,FALSE,TRUE,clear,0,No
2020,1607937229731:7041a443-c00f-4318-a4a0-42cda7c6e22c,1607937229731:9854e3cc-c734-4547-9426-b408e44195e0,0,True,EmptyObject,FALSE,FALSE,TRUE,clear,0,No
2022,1607937229731:268e4ac5-48c0-4e90-b037-2540e539a241,1607937229731:1df013fe-e528-49db-87d4-48d47bfc9e5c,0,True,EmptyObject,FALSE,FALSE,TRUE,clear,0,No
2025,1607937229731:0c4b4246-c4f3-4666-a5a0-64e145c9044d,1607937229731:fc31c99f-9a3b-42be-ba8e-66d951684371,0,True,EmptyObject,FALSE,FALSE,TRUE,clear,0,No
2027,1607937229731:0bd073dc-00e6-418c-9b39-2e37c0af7832,1607937229731:a60d850b-a392-40eb-bee5-710734ad667e,0,True,EmptyObject,FALSE,FALSE,TRUE,clear,0,No
2034,1607937229730:c8e05936-8ee9-4a71-91da-9dcdfd48a4a8,1607937229730:2c286dc2-a4a2-4dc4-be7f-1f6230743722,0,True,EmptyObject,FALSE,FALSE,TRUE,clear,0,No
2038,1607937229730:186545df-3016-4e5f-b848-b26027184321,1607937229730:75b7df8c-e0e1-475a-9d20-194f0bdc9105,0,True,EmptyObject,FALSE,FALSE,TRUE,clear,0,No
2043,1607937229729:4032f395-d1be-4efb-8bc6-6802b3675135,1607937229729:b6dfbc26-8b14-4506-9dbf-6d4d28aa1546,0,True,EmptyObject,FALSE,FALSE,TRUE,clear,0,No
2059,1607937229727:9f77737f-12ed-48d9-b3fa-7276b069e0b5,1607937229727:af6d6968-a98c-4d91-b305-61e3765e7e3f,0,True,EmptyObject,FALSE,FALSE,TRUE,clear,0,No
2065,1607937229727:311e9a0f-b4ca-4315-9546-15aebeb8fb3e,1607937229727:87f0348b-6fa0-47e1-aa41-48f66595b63b,0,True,EmptyObject,FALSE,FALSE,TRUE,clear,0,No
2068,1607937229727:17f86101-7d98-4b5e-b847-e3543003acb9,1607937229727:89ff32a5-56e7-494e-812e-7265e8e1044a,0,True,EmptyObject,FALSE,FALSE,TRUE,clear,0,No
2073,1607937229726:7ac3c66d-718d-4c3f-9a1e-64b90f8a1234,1607937229726:07adbce9-8cc1-4ddc-8a50-da0c18034f8b,0,True,EmptyObject,FALSE,FALSE,TRUE,clear,0,No
2077,1607937229726:35edb114-1d47-4191-97dc-350c6e182a05,1607937229726:3e225ac2-842f-46ac-91e0-5e5952344b14,0,True,EmptyObject,FALSE,FALSE,TRUE,clear,0,No
2082,1607937229725:b6c92896-8682-4d06-84d0-0e8bb8a043c5,1607937229725:c7eb3796-0f9f-41b3-b13b-bf7917852c76,0,True,EmptyObject,FALSE,FALSE,TRUE,clear,0,No
2100,1607937229723:e2271f09-3ed3-43a5-b807-20ad26f0d131,1607937229723:837cd830-b171-48f0-870b-c630c9967d6a,0,True,EmptyObject,FALSE,FALSE,TRUE,clear,0,No
2102,1607937229723:81159c2b-3169-4f35-9fa7-093c001d303f,1607937229723:516db4ee-4134-4e82-9e32-d687141ae60e,0,True,EmptyObject,FALSE,FALSE,TRUE,clear,0,No
2108,1607937229723:071bddd7-016a-4b61-8c89-4d237c859fac,1607937229723:765d7e20-cf3f-4bcc-82d9-981a90cbbe7b,0,True,EmptyObject,FALSE,FALSE,TRUE,clear,0,No
2114,1607937229722:ca013de9-2f41-4634-83b6-d03a545cf8a7,1607937229722:fb7334be-f345-455c-b28d-e643f9dbec9a,0,True,EmptyObject,FALSE,FALSE,TRUE,clear,0,No
2129,1607937229720:f855675d-8191-4aaf-97fe-e8eaeff475b5,1607937229720:72753a1c-5fe8-420f-a24b-e1a1a5dc12a4,0,True,EmptyObject,FALSE,FALSE,TRUE,clear,0,No
2134,1607937229720:6b7fc060-f62f-42b1-a482-34826ad8a257,1607937229720:2876f29d-f316-4555-894b-5141f2d3e3fe,0,True,EmptyObject,FALSE,FALSE,TRUE,clear,0,No
2136,1607937229720:60939242-0839-4d78-afbf-3f4c8ec22123,1607937229720:474d37aa-3646-4f75-80fa-bc30fa1bf4be,0,True,EmptyObject,FALSE,FALSE,TRUE,clear,0,No
2141,1607937229719:78c11aef-2e28-4b3e-8e6d-028db6bb3772,1607937229719:80d6505f-1c7f-4030-bcc4-873966a7451e,0,True,EmptyObject,FALSE,FALSE,TRUE,clear,0,No
2143,1607937229719:3dc3cf83-c8de-4083-82e8-ab194daca6f8,1607937229719:278bd0cd-9cbf-420f-8344-98f756ed7aab,0,True,EmptyObject,FALSE,FALSE,TRUE,clear,0,No
2147,1607937229718:cd767c60-13dd-4f4f-8963-0f728670c05d,1607937229718:b391ba89-ce1c-4239-9c61-fcb6a967ddec,0,True,EmptyObject,FALSE,FALSE,TRUE,clear,0,No
2150,1607937229718:909b7cd4-7e62-42ab-8687-11615424e429,1607937229718:6f18f593-193b-4ff8-9368-1c258c6d5dc8,0,True,EmptyObject,FALSE,FALSE,TRUE,clear,0,No
2155,1607937229717:d0df4490-5e62-4513-8311-4a145665c25c,1607937229717:68650325-5c79-44c8-bf72-75f97db52b43,0,True,EmptyObject,FALSE,FALSE,TRUE,clear,0,No
2160,1607937229716:7f3e7aab-6d76-45ee-b2dc-463a86b965fe,1607937229716:213d0c9d-3a71-4bb8-afd5-31f703ab0a65,0,True,EmptyObject,FALSE,FALSE,TRUE,clear,0,No
2163,1607937229716:2add1cc1-09ae-417d-bde6-088febc81fda,1607937229716:dffdc325-4b8f-4741-8d08-c507fe4eebd4,0,True,EmptyObject,FALSE,FALSE,TRUE,clear,0,No
2167,1607937229715:8a96f665-7615-4ec2-8f2c-4bd67a1cbbea,1607937229715:774d6a59-cc60-4872-9753-14bcced2c3f0,0,True,EmptyObject,FALSE,FALSE,TRUE,clear,0,No
2177,1607937229713:c9b70877-ee72-4784-93d2-f540fae6b8e4,1607937229713:96e4e138-83ff-4707-a7dd-5f635fefa2b8,0,True,EmptyObject,FALSE,FALSE,TRUE,clear,0,No
2179,1607937229713:9b4b3288-7015-416a-9526-2cdc63fb3c91,1607937229713:9ceaeff3-0143-48d6-be08-9b17a36a9e13,0,True,EmptyObject,FALSE,FALSE,TRUE,clear,0,No
2181,1607937229713:7bde3637-04cb-40ed-81f5-b9b33a707d2c,1607937229713:1bce8100-0305-4c6d-a189-fc1e0c3981f5,0,True,EmptyObject,FALSE,FALSE,TRUE,clear,0,No
2187,1607937229712:5de5e72e-0501-4ab8-a9cf-577bf957c69f,1607937229712:11b6ed3e-f011-4174-9304-992b6c3a7daa,0,True,EmptyObject,FALSE,FALSE,TRUE,clear,0,No
2199,1607937229710:73a116a6-9b68-4cd7-ae44-7b3304cea5ef,1607937229710:8fb764f7-cacd-4070-94c7-58299944c626,0,True,EmptyObject,FALSE,FALSE,TRUE,clear,0,No
2201,1607937229710:4680e6a9-c7be-415c-be28-6b4be2aea0e8,1607937229710:f821d083-9e5a-4112-9bda-4d2d6f4a2f6a,0,True,EmptyObject,FALSE,FALSE,TRUE,clear,0,No
2203,1607937229710:2873e5b9-45aa-44da-8953-356302cb8e7a,1607937229710:6f268cc0-2396-47db-8385-997bb8c71d0e,0,True,EmptyObject,FALSE,FALSE,TRUE,clear,0,No
2207,1607937229709:f25dc86f-9042-4946-a040-337f95505fef,1607937229709:6d4db53b-1331-4514-9c4d-e13372fabf33,0,True,EmptyObject,FALSE,FALSE,TRUE,clear,0,No
2212,1607937229709:716841e6-e562-4b38-a773-86882a7c5497,1607937229709:7c953966-8dd2-49f5-bb3c-7f217436bd5e,0,True,EmptyObject,FALSE,FALSE,TRUE,clear,0,No
2216,1607937229708:bcef5d93-4b9e-4016-baac-36147e5d45f2,1607937229708:53c32adc-cd5b-441c-9d0c-8dbe7df77a43,0,True,EmptyObject,FALSE,FALSE,TRUE,clear,0,No
2219,1607937229708:a607391d-6934-4400-b6c4-a978147aedc5,1607937229708:65942efd-b3cc-4e45-bbd7-8d4eb0045b35,0,True,EmptyObject,FALSE,FALSE,TRUE,clear,0,No
2221,1607937229708:9b7b36d2-8ef6-4c5a-93d1-4ad4330f6b4e,1607937229708:f802449f-2b3e-4211-bae4-44e2553789dc,0,True,EmptyObject,FALSE,FALSE,TRUE,clear,0,No
2223,1607937229708:2c868d91-2960-4991-88ad-4cc78992835c,1607937229708:1cbab381-c3df-4157-9360-185a35ee8ac0,0,True,EmptyObject,FALSE,FALSE,TRUE,clear,0,No
2225,1607937229707:f0a3f789-d572-4f7b-b701-c9e547420001,1607937229707:54a2d780-7350-40af-9d5b-7fed70453d55,0,True,EmptyObject,FALSE,FALSE,TRUE,clear,0,No
2229,1607937229707:68fb0504-dabc-4ed5-9587-74abc7f09941,1607937229707:0e7246ad-1681-4261-8a80-f0c99ce42fd8,0,True,EmptyObject,FALSE,FALSE,TRUE,clear,0,No
2234,1607937229706:d2728dcb-2609-4e7c-9e28-e9b82a24087e,1607937229706:a79d07bc-d700-4f07-92e6-a941a75f90ac,0,True,EmptyObject,FALSE,FALSE,TRUE,clear,0,No
2239,1607937229706:05f37d13-af33-44f0-a435-187919f7b291,1607937229706:6c8a43d2-a409-41b4-9345-c038c50f7f58,0,True,EmptyObject,FALSE,FALSE,TRUE,clear,0,No
2257,1607937229703:753db535-5518-4aac-bcd6-b2e4db88b43e,1607937229703:df60b718-9d43-45f4-b97e-fe1d7a34e8c9,0,True,EmptyObject,FALSE,FALSE,TRUE,clear,0,No
2259,1607937229703:24087040-f8a4-4c92-bb9e-1b42fe28e016,1607937229703:65830d7d-7e16-4db1-92c5-0d4db1479587,0,True,EmptyObject,FALSE,FALSE,TRUE,clear,0,No
2263,1607937229702:ee0a2e84-b422-4f70-8982-d89591b012a8,1607937229702:13fcabd3-57ba-414a-9d5e-88937069b352,0,True,EmptyObject,FALSE,FALSE,TRUE,clear,0,No
2266,1607937229702:20e1039d-536e-452a-8551-486e8815d7a9,1607937229702:88b2a608-d656-4b8a-9514-e26b5e2828be,0,True,EmptyObject,FALSE,FALSE,TRUE,clear,0,No
2275,1607937229701:028b4622-c5ac-4372-86a9-aab7030e6bf3,1607937229701:fd6c9346-f545-4e8f-8a74-52eb31e1a9c8,0,True,EmptyObject,FALSE,FALSE,TRUE,clear,0,No
2282,1607937229699:d0391864-1bd3-44c0-8255-3a030e642809,1607937229699:defbcde7-9e63-45e7-b2a2-46094260ed49,0,True,EmptyObject,FALSE,FALSE,TRUE,clear,0,No
2283,1607937229699:d0391864-1bd3-44c0-8255-3a030e642809,1607937229699:defbcde7-9e63-45e7-b2a2-46094260ed49,0,True,EmptyObject,FALSE,FALSE,TRUE,clear,0,No
2284,1607937229699:d0391864-1bd3-44c0-8255-3a030e642809,1607937229699:defbcde7-9e63-45e7-b2a2-46094260ed49,0,True,EmptyObject,FALSE,FALSE,TRUE,clear,0,No
2289,1607937229698:f1be2df8-d72d-4725-bd51-6e9959d00c71,1607937229698:f70e6c7e-8387-4fdd-b514-20672404a342,0,True,EmptyObject,FALSE,FALSE,TRUE,clear,0,No
2296,1607937229697:91b53bb5-f5c4-45e6-a3d2-a945d3fba873,1607937229697:ed5c3f89-993c-4f4a-b974-e206d0be94f0,0,True,EmptyObject,FALSE,FALSE,TRUE,clear,0,No
2301,1607937229696:2f4d6093-c8d4-437f-b0cf-cf30a96371a8,1607937229696:17757af1-1045-420e-ab40-794c0c6095b5,0,True,EmptyObject,FALSE,FALSE,TRUE,clear,0,No
2309,1607937229694:febf2f1b-0320-424c-836f-92a5d136342e,1607937229694:6ee97d08-e960-46de-be21-abc6f245a6a1,0,True,EmptyObject,FALSE,FALSE,TRUE,clear,0,No
2311,1607937229694:e4f426ef-8d86-4691-b7f1-33fd28f6ba43,1607937229694:3a7b7755-d917-427b-9a4b-dfe5702dd298,0,True,EmptyObject,FALSE,FALSE,TRUE,clear,0,No
2314,1607937229694:197998fe-44d6-4937-8e5b-348c126aa622,1607937229694:2ed13b40-efb9-4952-a315-16baab2e2a2b,0,True,EmptyObject,FALSE,FALSE,TRUE,clear,0,No
2319,1607937229693:5a4e3988-1ac3-4fbf-8f2a-3293946f2a29,1607937229693:bc978f8e-46b8-4b6e-b36c-a316a793a41c,0,True,EmptyObject,FALSE,FALSE,TRUE,clear,0,No
2325,1607937229691:d61e7945-96f8-40ab-84bb-cbf6da2c0064,1607937229691:ebceedef-a24e-443c-b01a-127821a4a064,0,True,EmptyObject,FALSE,FALSE,TRUE,clear,0,No
2334,1607937229689:50caa4b2-f3dc-4899-ad9f-4073f2b13d3e,1607937229689:5bd5bc35-893c-49af-a866-76ae3e9a337f,0,True,EmptyObject,FALSE,FALSE,TRUE,clear,0,No
2336,1607937229689:44cc0350-6700-4246-a4e7-d8daac008fc0,1607937229689:0f475eb6-fdd9-449f-92da-1240b858209d,0,True,EmptyObject,FALSE,FALSE,TRUE,clear,0,No
2338,1607937229689:42688321-1427-41ee-ab08-57803b49be5f,1607937229689:0d906a4b-68f2-435f-9105-c36b04864f7e,0,True,EmptyObject,FALSE,FALSE,TRUE,clear,0,No
2340,1607937229688:cd1761c9-6fe8-455a-87f3-2c757ee39b3e,1607937229688:803fb159-cfa4-4bb8-9040-a7edf82b38ec,0,True,EmptyObject,FALSE,FALSE,TRUE,clear,0,No
2342,1607937229688:b0d6314d-c05f-4b71-bda5-9555f4ad33ba,1607937229688:a3bbeefd-93dd-4d35-a477-0060b3f3db3c,0,True,EmptyObject,FALSE,FALSE,TRUE,clear,0,No
2343,1607937229688:b0d6314d-c05f-4b71-bda5-9555f4ad33ba,1607937229688:a3bbeefd-93dd-4d35-a477-0060b3f3db3c,0,True,EmptyObject,FALSE,FALSE,TRUE,clear,0,No
2344,1607937229688:b0d6314d-c05f-4b71-bda5-9555f4ad33ba,1607937229688:a3bbeefd-93dd-4d35-a477-0060b3f3db3c,0,True,EmptyObject,FALSE,FALSE,TRUE,clear,0,No
2357,1607937229685:cef9cea0-1d5f-4552-b216-f24132e58f50,1607937229686:f639e064-996e-4415-b86c-1a74a2dd64a9,0,True,EmptyObject,FALSE,FALSE,TRUE,clear,0,No
2381,1607937229680:a2ef4c5f-d7b6-4c48-b56c-f9b726a8f846,1607937229680:31263d00-24b9-4840-af53-6d16b61bd03b,0,True,EmptyObject,FALSE,FALSE,TRUE,clear,0,No
2383,1607937229680:9ed77c56-8a25-4cdc-836a-6b7b7f832f68,1607937229681:d1d54459-a185-45bb-a6fc-126e3a7c19e8,0,True,EmptyObject,FALSE,FALSE,TRUE,clear,0,No
2385,1607937229680:35971126-5865-4717-8591-96874f726a05,1607937229680:50b77bf6-2cf7-473a-821a-be6f55ebfd5c,0,True,EmptyObject,FALSE,FALSE,TRUE,clear,0,No
2390,1607937229679:d48525d8-a232-4cae-8239-dc90fdad1c32,1607937229679:032a45f8-909a-4971-892a-52e123f760b9,0,True,EmptyObject,FALSE,FALSE,TRUE,clear,0,No
2394,1607937229679:31def19b-5cdb-4362-993e-7cdc89271a33,1607937229679:86ce4948-85ca-4eff-809e-91d4d28ecdda,0,True,EmptyObject,FALSE,FALSE,TRUE,clear,0,No
2408,1607937229676:f9ff5891-c005-40d1-9aad-e76de903e3ea,1607937229676:34f0003f-3d51-423e-989e-fdf6cd7b5412,0,True,EmptyObject,FALSE,FALSE,TRUE,clear,0,No
2410,1607937229676:8f948c9d-3ed5-4370-800a-a3f44f8545f6,1607937229676:5b7ece98-e720-490d-b429-d78697bbbd21,0,True,EmptyObject,FALSE,FALSE,TRUE,clear,0,No
2412,1607937229676:831d680b-7590-4406-aadf-dd51da3c0aa9,1607937229676:7b0847e1-b694-47f8-a4fb-d0458d022333,0,True,EmptyObject,FALSE,FALSE,TRUE,clear,0,No
2420,1607937229675:14298974-625e-4535-9a7d-e8907d74711c,1607937229675:568b6416-08dc-4c61-a24c-6e0f1b84297b,0,True,EmptyObject,FALSE,FALSE,TRUE,clear,0,No
2422,1607937229674:d4c7ff59-5106-49dd-a158-89aaa5393bf4,1607937229674:1fa46049-ef0c-4e6d-8245-0360126efa96,0,True,EmptyObject,FALSE,FALSE,TRUE,clear,0,No
2436,1607937229672:7b3da054-d678-48f5-8e31-6e3b7d54788d,1607937229672:3c8cc0d8-f6e9-4b07-a88c-7f7fb10c2fb7,0,True,EmptyObject,FALSE,FALSE,TRUE,clear,0,No
2446,1607937229670:1c0112a3-d9e2-4ab8-9154-2469878f453a,1607937229670:8d122ed9-0863-4379-b861-0c766785855c,0,True,EmptyObject,FALSE,FALSE,TRUE,clear,0,No
2452,1607937229668:b1535183-0a9e-4159-b1eb-bdefb3dd3f07,1607937229668:8270fdd7-f888-4af7-848d-402f00bc5a8c,0,True,EmptyObject,FALSE,FALSE,TRUE,clear,0,No
2459,1607937229667:aaa26c87-4aee-4c2a-be8e-fcf61dd8aa6b,1607937229667:fbd09a5c-31b9-420a-8db4-7c1d23148bc9,0,True,EmptyObject,FALSE,FALSE,TRUE,clear,0,No
2468,1607937229665:e8e442d3-aefd-4547-bfc2-55a6130de921,1607937229665:d52d5ff3-0157-41f1-9ad6-8c0f47cc16cd,0,True,EmptyObject,FALSE,FALSE,TRUE,clear,0,No
2473,1607937229665:62123d4c-2c6c-4601-a30f-203ce5498f5f,1607937229666:b5520782-2a05-4d83-bf6c-d6acd84c34b8,0,True,EmptyObject,FALSE,FALSE,TRUE,clear,0,No
2475,1607937229664:f7cb0645-92b0-484b-9b7c-92fb30bc1012,1607937229665:07a8e490-7606-4408-8ae8-520ef94a4338,0,True,EmptyObject,FALSE,FALSE,TRUE,clear,0,No
2480,1607937229664:3c52a580-095b-49b7-a53e-37f51820f443,1607937229664:23742de7-e56c-4813-8965-fdc21e79c1b4,0,True,EmptyObject,FALSE,FALSE,TRUE,clear,0,No
2485,1607937229663:5d811430-ba7f-4cfc-9249-3f3a4c6338d8,1607937229663:ef609e7a-547f-46b4-9c48-a6017bcdb796,0,True,EmptyObject,FALSE,FALSE,TRUE,clear,0,No
2490,1607937229662:c7da9081-b95c-453f-b611-6a0162b73a96,1607937229662:c7052111-fb92-4e3b-ba2c-b8074922a395,0,True,EmptyObject,FALSE,FALSE,TRUE,clear,0,No
2494,1607937229661:fdae4b20-9151-442c-8b60-234a7fa1c59e,1607937229661:164b4b26-03be-4638-8c25-2ade1ea396fd,0,True,EmptyObject,FALSE,FALSE,TRUE,clear,0,No
2496,1607937229661:fb3c1d68-6be4-4dbc-8e54-0e16ca8c80d0,1607937229661:141725bb-914c-46ef-a754-2f1808349b0b,0,True,EmptyObject,FALSE,FALSE,TRUE,clear,0,No
2509,1607937229659:83681a02-ad4a-451a-9102-3a900bab29b4,1607937229659:d9905834-bd1c-4f61-854f-b7f194f7029d,0,True,EmptyObject,FALSE,FALSE,TRUE,clear,0,No
2523,1607937229657:4f5e4e86-0682-43e9-9e14-e018b63a7fb5,1607937229657:a4eccc92-eddb-457c-8ac4-744a163a8c71,0,True,EmptyObject,FALSE,FALSE,TRUE,clear,0,No
2527,1607937229656:649d8e78-fbe2-4253-a019-fd7e7c01f02c,1607937229656:72375235-1b5c-4aaa-9802-e748ce7a2862,0,True,EmptyObject,FALSE,FALSE,TRUE,clear,0,No
2529,1607937229656:0089e956-8f6e-4617-8679-71a5f3b98da3,1607937229656:a320d8f1-36b3-4fb2-84cd-4556fb17d7fc,0,True,EmptyObject,FALSE,FALSE,TRUE,clear,0,No
2531,1607937229655:efcfea9d-dede-432d-8dad-8f122e03ecdc,1607937229655:ba4f4b0e-e615-4370-b6c3-14721ae2312e,0,True,EmptyObject,FALSE,FALSE,TRUE,clear,0,No
2534,1607937229655:b9470026-ba63-48ca-b50c-7b69b6f739ec,1607937229655:bd6a0792-b876-41f1-8559-55ff5e6e34f0,0,True,EmptyObject,FALSE,FALSE,TRUE,clear,0,No
2537,1607937229655:54f5005c-b19f-40cd-9092-4b98fb1a3b1b,1607937229655:33fc5e4d-a59e-4512-823b-0b764f96708c,0,True,EmptyObject,FALSE,FALSE,TRUE,clear,0,No
2539,1607937229654:d06c5100-61b9-4ba7-a45a-d437a033a238,1607937229654:51aee7c2-ce55-4c4a-a7a6-8959ccb8dfd5,0,True,EmptyObject,FALSE,FALSE,TRUE,clear,0,No
2543,1607937229654:49f41358-ea84-4165-831d-f38070f74c20,1607937229654:efff9888-f30b-4f92-91a1-cce5a9a6fdae,0,True,EmptyObject,FALSE,FALSE,TRUE,clear,0,No
2545,1607937229653:e574ed69-2dd5-4dbc-ad8d-cf78208801a0,1607937229653:280a929b-4109-42a7-907c-050741130698,0,True,EmptyObject,FALSE,FALSE,TRUE,clear,0,No
2548,1607937229653:9bd20bee-1843-486f-aeed-1e7daceabe9b,1607937229653:64f34503-d1e1-49f3-8e98-55d51d830940,0,True,EmptyObject,FALSE,FALSE,TRUE,clear,0,No
2553,1607937229652:7034db95-3a2a-4eb1-9be7-fdab03af66d8,1607937229652:25c69937-7ae7-4dcd-8254-19dddd0c8a2e,0,True,EmptyObject,FALSE,FALSE,TRUE,clear,0,No
2566,1607937229649:76c764d6-0a63-41b3-8d29-ac667317309c,1607937229649:a4176ed1-bf5d-4d2f-b909-bdc835a29fcb,0,True,EmptyObject,FALSE,FALSE,TRUE,clear,0,No
2571,1607937229648:973dd243-3b5d-4e4e-b38e-e94f5f273d0d,1607937229648:d3f20060-dcfe-4cbd-9443-8b5c81a510fd,0,True,EmptyObject,FALSE,FALSE,TRUE,clear,0,No
2574,1607937229648:4825ed41-2d7e-4714-b1a0-7fa3b1ca523a,1607937229648:df91dc2f-587f-47f2-8ed4-8224410e96f7,0,True,EmptyObject,FALSE,FALSE,TRUE,clear,0,No
2578,1607937229647:93af6d29-7807-4bc0-a85e-30b9e2ab360d,1607937229647:adad6091-3b5e-478b-bc7b-aa73a02d9333,0,True,EmptyObject,FALSE,FALSE,TRUE,clear,0,No
2581,1607937229647:148912c4-7d3e-4be0-8c77-5331069d4cea,1607937229647:e11c3a09-93b7-427f-9670-2474cf9ce8a5,0,True,EmptyObject,FALSE,FALSE,TRUE,clear,0,No
2593,1607937229644:fd889d99-91c9-4e91-a2f4-91d923981db0,1607937229644:3eec5d0f-3efc-457c-9601-d83de3126e7d,0,True,EmptyObject,FALSE,FALSE,TRUE,clear,0,No
2600,1607937229643:b1cd6d26-da92-4832-8c79-0569db0246b8,1607937229643:0d30c50c-8c30-43f6-a846-e099bdbed381,0,True,EmptyObject,FALSE,FALSE,TRUE,clear,0,No
2604,1607937229642:dd7d1a5b-bce4-4155-bc97-f8de771782ac,1607937229642:9ef06227-153b-49e5-bc04-8d03836b901c,0,True,EmptyObject,FALSE,FALSE,TRUE,clear,0,No
2609,1607937229641:b5fd79ac-d77d-4a44-b2b5-2bc882982324,1607937229641:c7694524-d978-468a-acc7-f8d942143efe,0,True,EmptyObject,FALSE,FALSE,TRUE,clear,0,No
2616,1607937229640:4e1bf684-6de6-498d-9a7d-ab84260965ec,1607937229640:e742314d-55ef-4cd2-839a-920b61256ba5,0,True,EmptyObject,FALSE,TRUE,FALSE,pop,0,No
2625,1607937229638:bde6ffda-d9e2-4629-82b2-d563d2f0e555,1607937229638:2f344336-f10f-4229-842a-14c944642b9a,0,True,EmptyObject,FALSE,FALSE,TRUE,clear,0,No
2627,1607937229638:3e0bf301-7d74-4e82-ae40-db13fc226232,1607937229638:66045bea-1864-453e-8881-75fe16d6f8f1,0,True,EmptyObject,FALSE,FALSE,TRUE,clear,0,No
2633,1607937229636:54d841ed-fbb1-4407-8e7d-7f48431b6282,1607937229636:96b1df41-c728-431f-938e-141cbaf26793,0,True,EmptyObject,FALSE,FALSE,TRUE,clear,0,No
2637,1607937229634:4a218e50-cb0c-444e-b753-78fe32d79af4,1607937229634:9b54107a-268d-42fa-a077-9c87a2eacada,0,True,EmptyObject,FALSE,FALSE,TRUE,clear,0,No
2640,1607937229633:f10c27fc-e9cb-45a9-bc16-d47ccf3c5156,1607937229633:3bc7a9a4-fa3d-481b-a2ba-cc468a5ea00c,0,True,EmptyObject,FALSE,FALSE,TRUE,clear,0,No
2641,1607937229633:f10c27fc-e9cb-45a9-bc16-d47ccf3c5156,1607937229633:3bc7a9a4-fa3d-481b-a2ba-cc468a5ea00c,0,True,EmptyObject,FALSE,FALSE,TRUE,clear,0,No
2642,1607937229633:f10c27fc-e9cb-45a9-bc16-d47ccf3c5156,1607937229633:3bc7a9a4-fa3d-481b-a2ba-cc468a5ea00c,0,True,EmptyObject,FALSE,TRUE,FALSE,pop,0,No
2647,1607937229632:d501bba1-59b0-4b01-959e-bb8c968a1012,1607937229632:2d4c9a5f-01f8-4f94-97a5-51a127591ac8,0,True,EmptyObject,FALSE,FALSE,TRUE,clear,0,No
2652,1607937229631:8eea6994-0be2-4cea-9cb1-3038639fb948,1607937229631:a3d663c3-f843-4183-a0cd-3b62c447c266,0,True,EmptyObject,FALSE,FALSE,TRUE,clear,0,No
2653,1607937229631:8eea6994-0be2-4cea-9cb1-3038639fb948,1607937229631:a3d663c3-f843-4183-a0cd-3b62c447c266,0,True,EmptyObject,FALSE,TRUE,FALSE,pop,0,No
