,testId,instanceId,size,isEmpty,peek_obj_type,push,pop,clear,size_p,diff
4,1607937427872:6cf94875-f0c5-46b3-8015-0754c2dd4995,1607937427872:45ccf624-f934-4006-ae9f-1a455bbd50a0,0,True,EmptyObject,FALSE,FALSE,TRUE,0,No
8,1607937427871:f87bb4d9-de17-411e-8f4d-691b4b594a8d,1607937427871:f202654b-9888-425a-91b1-234f998d8da5,0,True,EmptyObject,FALSE,FALSE,TRUE,0,No
14,1607937427871:4a272dc2-ce8f-4759-99a9-5214584843a7,1607937427871:c6f85982-9dd4-4a6e-886c-961633e9cb2f,0,True,EmptyObject,FALSE,FALSE,TRUE,0,No
16,1607937427871:1fadab75-333d-488b-a223-18bf28e58528,1607937427871:b2a399f6-2a13-44ff-9544-2888a8c1122e,0,True,EmptyObject,FALSE,FALSE,TRUE,0,No
22,1607937427870:dafede9b-0309-4de3-b2f2-e45e55f1fcb8,1607937427870:d8bceef9-f228-4198-ba62-28c79091b31e,0,True,EmptyObject,FALSE,FALSE,TRUE,0,No
32,1607937427868:af45bcb0-b120-4fcb-98d0-b145452d8770,1607937427868:a0013337-2e38-42da-9428-b72ab304aec4,0,True,EmptyObject,FALSE,FALSE,TRUE,0,No
36,1607937427868:592b9f63-f15c-44d0-84f9-55bc4d8374bc,1607937427868:1d5f1097-becc-4a87-a287-52634b530276,0,True,EmptyObject,FALSE,FALSE,TRUE,0,No
39,1607937427868:1a827726-5532-4b18-b442-6dfdea600010,1607937427868:39041d10-eea3-4d79-96b5-3eed4475a959,0,True,EmptyObject,FALSE,FALSE,TRUE,0,No
43,1607937427867:d7216a8c-e07e-4687-8bc6-8fcf1b15fb75,1607937427867:20384cc2-f268-4f76-93d3-e63fd8bbb255,0,True,EmptyObject,FALSE,FALSE,TRUE,0,No
47,1607937427867:a58080bc-5234-42c2-ac75-6df8ccf21aac,1607937427867:02165451-5ca7-449a-a18b-eceb54ddcdc1,0,True,EmptyObject,FALSE,FALSE,TRUE,0,No
55,1607937427866:1f520635-7464-4ac3-957e-1c86f4fda97c,1607937427866:6028ddeb-5276-4caf-b5e8-16503b89ba8a,0,True,EmptyObject,FALSE,FALSE,TRUE,0,No
58,1607937427865:c8d8d2b8-106f-46b3-b25a-481f97cdb8ef,1607937427865:df4e0acd-938d-4f49-975f-603b2e305e9a,0,True,EmptyObject,FALSE,FALSE,TRUE,0,No
75,1607937427864:4aaa40b1-db8e-4f84-9abc-ce97515fbe08,1607937427864:f35638b7-651d-40f7-855c-d7a9d220bc57,0,True,EmptyObject,FALSE,FALSE,TRUE,0,No
77,1607937427864:3c7d8f9f-faff-49dd-afcd-c96d415e9962,1607937427864:1799ad8e-a693-478b-80cb-dc0ba71877c4,0,True,EmptyObject,FALSE,FALSE,TRUE,0,No
81,1607937427863:a5473781-9bb0-41e1-903d-051c2cab9a3d,1607937427863:68b7d5dd-3130-4871-8b0c-f3a983901a9f,0,True,EmptyObject,FALSE,FALSE,TRUE,0,No
84,1607937427863:a303d4fd-38b5-4f7c-9a41-3669f6521373,1607937427863:4909ef10-995e-409f-89a0-0a3c63c5b230,0,True,EmptyObject,FALSE,FALSE,TRUE,0,No
102,1607937427862:2fd488a3-e369-4cdd-87b6-fc1680b6b5af,1607937427862:cd9e470d-047e-48c4-b4b6-7e26b9fbd652,0,True,EmptyObject,FALSE,FALSE,TRUE,0,No
107,1607937427861:c0da1bb0-e8e4-4ad3-9eb6-adbc13809e5e,1607937427861:66197373-b056-4824-acc4-d4be79fec725,0,True,EmptyObject,FALSE,FALSE,TRUE,0,No
112,1607937427861:442d59bf-3031-4bd6-a544-dc4340c91420,1607937427861:1671face-f107-41bf-9198-12fec06792cc,0,True,EmptyObject,FALSE,FALSE,TRUE,0,No
115,1607937427861:3b97a0c7-9814-41ff-af8f-c9e199ff0184,1607937427861:157529f9-6cba-4407-adb4-80da38c1f998,0,True,EmptyObject,FALSE,FALSE,TRUE,0,No
120,1607937427860:ed3e56d1-ed56-4a68-bbdf-1d97ecc8be84,1607937427860:4023e83b-e865-4725-ac55-deca1687703c,0,True,EmptyObject,FALSE,FALSE,TRUE,0,No
124,1607937427860:cda2cd88-8693-401e-bf08-ab8cb6f537c4,1607937427860:4b030cbb-cba9-4dae-be58-1041d71da5b3,0,True,EmptyObject,FALSE,FALSE,TRUE,0,No
126,1607937427860:93a959f6-15a8-4371-a989-802a6f35de71,1607937427860:4422f746-9d6d-4341-9119-e07ee4650c2f,0,True,EmptyObject,FALSE,FALSE,TRUE,0,No
128,1607937427860:84c87801-231d-42df-b191-fbe9d9b9597c,1607937427860:46c7259b-3f6d-491f-a612-0b2c92be14d6,0,True,EmptyObject,FALSE,FALSE,TRUE,0,No
130,1607937427860:48c3b158-555d-4a24-8f17-973cbe94680f,1607937427860:717da2a8-48d9-4436-819a-1e323b639a3e,0,True,EmptyObject,FALSE,FALSE,TRUE,0,No
134,1607937427860:077de451-4fae-46c2-9c7b-d13805b925bd,1607937427860:29aff669-807b-4435-a093-9d90b591c6d3,0,True,EmptyObject,FALSE,FALSE,TRUE,0,No
138,1607937427859:a9068234-a58c-486e-8602-b87e314ea4bd,1607937427859:eb68ddfe-04ab-4200-9fc9-25e6f6b48813,0,True,EmptyObject,FALSE,FALSE,TRUE,0,No
145,1607937427859:214c3876-4402-4d07-980d-7a035473bfb2,1607937427859:61c2d002-7a85-4112-a406-6a756f3d20e5,0,True,EmptyObject,FALSE,FALSE,TRUE,0,No
148,1607937427858:ec1f68f0-317e-4b3b-ac38-c5f0bffa9a89,1607937427858:964f8e36-88ab-45df-aacc-158c44747b0c,0,True,EmptyObject,FALSE,FALSE,TRUE,0,No
154,1607937427858:7c2e27c1-e776-4047-bd61-7e0d90e970d5,1607937427858:e183ec09-7bcf-4a69-bde0-fc53e2a08519,0,True,EmptyObject,FALSE,FALSE,TRUE,0,No
156,1607937427858:6c8cd343-8e0b-417a-8b38-4b4006af6acf,1607937427858:e2e751bb-47d6-4e71-829f-92ad8c0bec89,0,True,EmptyObject,FALSE,FALSE,TRUE,0,No
164,1607937427857:9edc06dc-eab2-4d5e-827e-a584c0472321,1607937427857:0521c152-919d-433e-ba25-def18e146c86,0,True,EmptyObject,FALSE,FALSE,TRUE,0,No
166,1607937427857:836c12b4-8862-47b4-82f4-ff34d6774eba,1607937427857:549279e7-e723-40ee-af5f-c7a0d9141914,0,True,EmptyObject,FALSE,FALSE,TRUE,0,No
169,1607937427857:6b72785d-b325-4263-9c68-d3423fd64a6f,1607937427857:64168396-fbe3-40ad-b054-fc7461d7de4e,0,True,EmptyObject,FALSE,FALSE,TRUE,0,No
175,1607937427857:0d1e7dcb-32ac-4114-b864-4366dc1af953,1607937427857:0f5cf080-af94-4b19-b0fe-531571344a25,0,True,EmptyObject,FALSE,FALSE,TRUE,0,No
178,1607937427856:f18aa215-dfb2-4492-9644-e457e907f2c0,1607937427856:8ee6f60d-83c0-4f36-8680-9d3f76835d85,0,True,EmptyObject,FALSE,FALSE,TRUE,0,No
180,1607937427856:ec956440-18f5-4978-a8ea-15b6cb01afa0,1607937427856:10cbcd9f-4cf6-4504-909c-84f438c3830e,0,True,EmptyObject,FALSE,FALSE,TRUE,0,No
184,1607937427856:cb347429-7627-4dce-9ab2-778d6fac19c0,1607937427856:32b31edc-c756-4dd9-8c1c-e557ff9f7f20,0,True,EmptyObject,FALSE,FALSE,TRUE,0,No
190,1607937427855:f20df1a2-aec3-4941-b1d0-78c93b7f6d0c,1607937427855:f17b7038-e428-41bf-9dc9-4b96cc14260f,0,True,EmptyObject,FALSE,FALSE,TRUE,0,No
194,1607937427855:b5ed0415-88a8-4ab4-a1d1-10725196905e,1607937427855:80f25a57-a756-420e-9d30-6f40a4236882,0,True,EmptyObject,FALSE,FALSE,TRUE,0,No
197,1607937427855:6474c332-9818-4e2e-a5a9-59cddfba034d,1607937427855:f53cd1cf-36b9-476a-8fc8-7ea6efc2d210,0,True,EmptyObject,FALSE,FALSE,TRUE,0,No
200,1607937427855:09137c7d-95e0-4548-b225-26bee8009372,1607937427855:5784ff3c-869b-47f3-83a9-96c8c5d0c2f1,0,True,EmptyObject,FALSE,FALSE,TRUE,0,No
202,1607937427855:03248fcb-8daf-456a-99ae-d887f74f4e30,1607937427855:2658e9e9-2020-4b79-aef2-605aae56b5ab,0,True,EmptyObject,FALSE,FALSE,TRUE,0,No
212,1607937427854:2168e345-1caf-435c-a488-21ed20b77e15,1607937427854:f7156d69-e482-4f28-b686-be623ffa3f8e,0,True,EmptyObject,FALSE,FALSE,TRUE,0,No
221,1607937427853:60a8f87d-0a32-45e3-be61-8538dc295065,1607937427853:bc0a3e8e-5bf5-49e4-afff-65b3cfa87338,0,True,EmptyObject,FALSE,FALSE,TRUE,0,No
223,1607937427853:608b1b4c-4cda-4587-bc58-810acece1231,1607937427853:4a1917cf-fc23-463d-8cb3-0d624db937d2,0,True,EmptyObject,FALSE,FALSE,TRUE,0,No
225,1607937427853:560c29e0-f791-42b2-9749-e0bd82706a4c,1607937427853:c53a10b9-4ce4-4929-8092-ff5f378e9a86,0,True,EmptyObject,FALSE,FALSE,TRUE,0,No
229,1607937427853:2157ba5d-8a9e-4bd6-811a-9b18fa05a49a,1607937427853:5e96f802-456f-4904-93de-fc7630ab49b6,0,True,EmptyObject,FALSE,FALSE,TRUE,0,No
235,1607937427852:6a6e52da-2a87-4953-87b8-33cfa61fbbd8,1607937427852:cee1fff1-c13f-4c13-afcc-0ee54f122c97,0,True,EmptyObject,FALSE,FALSE,TRUE,0,No
240,1607937427852:43359444-1caa-48cd-bcf8-78b51776b64c,1607937427852:d63e3a20-a90f-4136-9da6-e6a671d1449d,0,True,EmptyObject,FALSE,FALSE,TRUE,0,No
241,1607937427852:43359444-1caa-48cd-bcf8-78b51776b64c,1607937427852:d63e3a20-a90f-4136-9da6-e6a671d1449d,0,True,EmptyObject,FALSE,FALSE,TRUE,0,No
242,1607937427852:43359444-1caa-48cd-bcf8-78b51776b64c,1607937427852:d63e3a20-a90f-4136-9da6-e6a671d1449d,0,True,EmptyObject,FALSE,FALSE,TRUE,0,No
244,1607937427852:43359444-1caa-48cd-bcf8-78b51776b64c,1607937427852:9ffceb0f-fc93-4644-a050-12e54dfc2797,0,True,EmptyObject,FALSE,FALSE,TRUE,0,No
248,1607937427851:e8ecd0d0-79aa-41de-8c88-ef1c3b965e00,1607937427851:541191f2-219f-4495-9ce2-643ed632929e,0,True,EmptyObject,FALSE,FALSE,TRUE,0,No
251,1607937427851:78e63155-81b5-4eab-a58b-32794136a6a9,1607937427851:ca608899-826a-4a33-85a3-3bd912712821,0,True,EmptyObject,FALSE,FALSE,TRUE,0,No
254,1607937427851:4e47e257-b92f-45ae-bde0-cb259e658752,1607937427851:224df0b7-b223-461e-9d5e-6d41144d46dc,0,True,EmptyObject,FALSE,FALSE,TRUE,0,No
258,1607937427851:1fa49162-8196-428b-8fff-029f57fc4e49,1607937427851:37043288-84c9-47ec-8381-b01ef1ecd94c,0,True,EmptyObject,FALSE,FALSE,TRUE,0,No
262,1607937427851:0deea278-7c00-4b81-9a50-6de4e81922bb,1607937427851:9d34481e-a1f2-48ad-a082-d389d3a773f0,0,True,EmptyObject,FALSE,FALSE,TRUE,0,No
266,1607937427850:da2545bc-711b-420e-a637-638c36584437,1607937427850:a09b9aa4-d38e-4e74-ab3f-7e2adf664b3e,0,True,EmptyObject,FALSE,FALSE,TRUE,0,No
276,1607937427849:70f24d80-1017-4da7-8a14-dcf5034bed53,1607937427849:7338dc71-8b13-4bd7-9a1e-7391f0578382,0,True,EmptyObject,FALSE,FALSE,TRUE,0,No
278,1607937427849:561c72ae-58e4-4c57-9275-3f734b0c315a,1607937427849:daef0ccd-9464-4cfb-8033-843a82556e01,0,True,EmptyObject,FALSE,FALSE,TRUE,0,No
287,1607937427848:ca4617c3-70e3-4edf-a7ea-933ad564035e,1607937427848:21533ee9-19bb-4b2f-a4b6-5ee36e460ad2,0,True,EmptyObject,FALSE,FALSE,TRUE,0,No
292,1607937427848:1f5717d2-c8dc-4d84-b982-2d533aafe625,1607937427848:393a91cf-2c9e-416d-b719-1dae8e38b3c0,0,True,EmptyObject,FALSE,FALSE,TRUE,0,No
294,1607937427848:1b75ea90-f5a6-4678-8583-29304a9c9154,1607937427848:8c765e35-f7e2-4053-90fe-1d54835c6bf3,0,True,EmptyObject,FALSE,FALSE,TRUE,0,No
298,1607937427847:c3cd475a-ce9d-4bf8-90f3-af0fea6e4f1e,1607937427847:5e70b8c9-775f-4264-a0ca-863e0e7f7a62,0,True,EmptyObject,FALSE,FALSE,TRUE,0,No
302,1607937427847:6199ba82-1bb1-4f89-8094-5954282d549e,1607937427847:ef235200-c5ab-4d6c-b3b5-382a402cd159,0,True,EmptyObject,FALSE,FALSE,TRUE,0,No
309,1607937427846:7c12d1b5-61bb-4aa5-a56c-1c327f10e142,1607937427846:7f1bddc1-492a-4fc5-9f6d-81a24e7b2ec6,0,True,EmptyObject,FALSE,FALSE,TRUE,0,No
311,1607937427846:74220542-00f7-4e38-a37b-5d72adc3bda2,1607937427846:95d1525c-f46f-4bc0-ba02-0e63831539ff,0,True,EmptyObject,FALSE,FALSE,TRUE,0,No
316,1607937427846:4b409427-d3be-4454-8e06-0289e649148f,1607937427846:bb81ce31-ba50-4908-96a8-8759ebafae97,0,True,EmptyObject,FALSE,FALSE,TRUE,0,No
332,1607937427845:2854072c-1696-4ade-a4be-31cacef25b99,1607937427845:4f8bba51-1d93-420e-a95b-60e80a8e85d7,0,True,EmptyObject,FALSE,FALSE,TRUE,0,No
334,1607937427844:dfc86792-d6f7-4506-ab74-d148e785ef17,1607937427844:b01f22f6-b17a-4098-9838-e990622bcb54,0,True,EmptyObject,FALSE,FALSE,TRUE,0,No
338,1607937427844:a4213fcd-dabe-4f99-82ed-2872811d83d2,1607937427844:622717c1-95d4-4245-bc7d-149e765fda11,0,True,EmptyObject,FALSE,FALSE,TRUE,0,No
340,1607937427844:4efd6708-d6df-4d47-ac66-8a11567a11e7,1607937427844:0855ea24-36f8-4228-80b3-77d8d74ab341,0,True,EmptyObject,FALSE,FALSE,TRUE,0,No
344,1607937427844:3bbefe7a-634e-4e56-9ebb-1a685e60b8fc,1607937427844:7469606f-b5e4-468c-938b-76af2516a738,0,True,EmptyObject,FALSE,FALSE,TRUE,0,No
348,1607937427844:0425e63a-b3f0-4c0a-a2a0-af0a5ce10c97,1607937427844:fc851a76-35b7-419f-a160-7d6d2d73275a,0,True,EmptyObject,FALSE,FALSE,TRUE,0,No
350,1607937427844:03cdea36-6e04-4b09-a1d9-f5c812c49a49,1607937427844:02d14ec3-d705-464c-92a8-e5c7362b7a6a,0,True,EmptyObject,FALSE,FALSE,TRUE,0,No
355,1607937427843:95d9ac1c-3e7b-4a8b-b93b-4f6c1d398fcf,1607937427843:fe8b8aab-676b-41d0-8d35-f6f0f93121c6,0,True,EmptyObject,FALSE,FALSE,TRUE,0,No
359,1607937427843:40c51080-a0f4-4af8-9b38-c173e0558e92,1607937427843:cc5b73e7-7efd-4470-93fe-500e84425c8f,0,True,EmptyObject,FALSE,FALSE,TRUE,0,No
363,1607937427842:ed4d5939-8879-4b9c-865d-e2268a076d5e,1607937427842:da0145f1-54ad-4338-a5e6-4db6e601fe21,0,True,EmptyObject,FALSE,FALSE,TRUE,0,No
368,1607937427842:833f3228-7afa-4c4b-8d8b-8a895c6b1173,1607937427842:1141a964-cf61-4481-b2f1-bba8ee2d38a5,0,True,EmptyObject,FALSE,FALSE,TRUE,0,No
370,1607937427842:7d597972-f4cb-4048-a87f-cb0c07422889,1607937427842:a82a2105-9e6c-4c3e-b9c5-1701f91e4663,0,True,EmptyObject,FALSE,FALSE,TRUE,0,No
374,1607937427842:2af55bd9-fd38-40ba-ad8f-5dd1a68b3970,1607937427842:6001d093-6b31-4ddc-9c4d-f4711eeabe5f,0,True,EmptyObject,FALSE,FALSE,TRUE,0,No
376,1607937427841:ec425f05-86e9-4615-8d5b-d626990ddbe4,1607937427841:d83741a6-632b-43d3-b4e7-4d0a771c974b,0,True,EmptyObject,FALSE,FALSE,TRUE,0,No
379,1607937427841:d58fa451-da20-4ac4-bb1e-06098621456a,1607937427841:2132ffeb-53a7-4220-a02e-a39afe5aa0ed,0,True,EmptyObject,FALSE,FALSE,TRUE,0,No
388,1607937427840:ea80554b-26c0-4b11-8d80-a713d8324dfe,1607937427840:cdc858f1-e0c5-4b97-9151-63253ad01329,0,True,EmptyObject,FALSE,FALSE,TRUE,0,No
393,1607937427840:a667d2e4-669d-45b7-aa84-2cc6101057d7,1607937427840:2dda3cb2-6a15-4939-aab4-dc07e84cdd74,0,True,EmptyObject,FALSE,FALSE,TRUE,0,No
399,1607937427840:00b84f58-38a2-4460-a48d-c93e8b75f97f,1607937427840:ebcf1688-8eae-4df7-ad70-71add93dcc4d,0,True,EmptyObject,FALSE,FALSE,TRUE,0,No
402,1607937427839:bb5065af-5154-4956-b70c-be73ef80421a,1607937427839:eb053c09-3058-4466-9899-9abace8d36d8,0,True,EmptyObject,FALSE,FALSE,TRUE,0,No
407,1607937427839:7791f323-588d-4310-83f5-91cacf01a300,1607937427839:00de2f0c-7e52-47ae-bc78-6aa5d266dcfb,0,True,EmptyObject,FALSE,FALSE,TRUE,0,No
409,1607937427839:6dbb5619-b273-47f8-bd3d-9137e37df427,1607937427839:e264d083-193d-4c1c-8064-d760e7492a25,0,True,EmptyObject,FALSE,FALSE,TRUE,0,No
412,1607937427839:0b648c27-7036-4c8c-9d2e-2f93e7483b82,1607937427839:de616382-9b35-46a7-beeb-17a0eae2911a,0,True,EmptyObject,FALSE,FALSE,TRUE,0,No
415,1607937427838:f3e07a48-91c2-4a1b-92fa-5dc0f50c811d,1607937427838:0195109e-04e5-45cb-a361-6937f80945ce,0,True,EmptyObject,FALSE,FALSE,TRUE,0,No
421,1607937427838:768a854e-c0a9-4c8f-adef-7d69b3fc3b1e,1607937427839:7f2ee75d-8de9-4812-bbdc-b91ea83caf80,0,True,EmptyObject,FALSE,FALSE,TRUE,0,No
435,1607937427837:886adca9-f677-4c48-af45-9fa44536b6e5,1607937427837:85f5eaf6-81eb-4da4-b93a-fc91af20bfa9,0,True,EmptyObject,FALSE,FALSE,TRUE,0,No
437,1607937427837:81adb343-a16b-452b-a1f4-4795e346b2e1,1607937427837:8cf15a16-2ab5-474a-8ae3-b6425b84bda4,0,True,EmptyObject,FALSE,FALSE,TRUE,0,No
443,1607937427836:ebc8060b-9b0c-44d8-9b6e-98f22d9f55c8,1607937427836:dfb978a5-02b7-4827-a177-abc6db6bb9cc,0,True,EmptyObject,FALSE,FALSE,TRUE,0,No
446,1607937427836:c95319c4-bd0f-4773-baee-69912d19d9e4,1607937427836:e125a7c5-d12f-40f9-a809-15ad6ecc99a0,0,True,EmptyObject,FALSE,FALSE,TRUE,0,No
449,1607937427836:74bf010c-94c9-478b-b16b-d6788060ccf3,1607937427836:77df1bf7-a721-4143-aede-36346d67e0f8,0,True,EmptyObject,FALSE,FALSE,TRUE,0,No
453,1607937427836:46245367-3549-4c7b-9d9f-4b0b41a75be6,1607937427836:c5e98ac7-9301-4bac-a207-dc0439e25491,0,True,EmptyObject,FALSE,FALSE,TRUE,0,No
457,1607937427836:19d01b89-45d6-4f6b-a5e8-767a67893d26,1607937427836:7bc58c56-1b10-4e39-b6e1-5dff90e0e18b,0,True,EmptyObject,FALSE,FALSE,TRUE,0,No
459,1607937427835:cecd2907-2f22-4fdd-898a-a6073a8cc876,1607937427835:d8b903e9-f076-40c1-88db-162a2f8a9ba9,0,True,EmptyObject,FALSE,FALSE,TRUE,0,No
465,1607937427835:743a654d-7c61-4c2a-8164-26344898ca76,1607937427835:a0acd69d-3fc8-473a-951f-0464e447377a,0,True,EmptyObject,FALSE,FALSE,TRUE,0,No
472,1607937427834:d67c7ee8-ab91-4ad5-b197-ce129fbf293f,1607937427834:06c0b2b7-5d25-4a2b-a514-98cf59e5f20d,0,True,EmptyObject,FALSE,FALSE,TRUE,0,No
474,1607937427834:ceec1735-0562-4a41-9d59-634bdbb1fb05,1607937427834:7ffde692-24dd-4708-8e7c-4f288d6fa19e,0,True,EmptyObject,FALSE,FALSE,TRUE,0,No
482,1607937427834:5a3b1d5a-cd1d-4320-af68-14fd00a62d55,1607937427834:a0b71e27-8634-4718-9054-e179c6e28ca2,0,True,EmptyObject,FALSE,FALSE,TRUE,0,No
485,1607937427834:29ca56a4-535e-43e3-91eb-47fd2b92dfbc,1607937427834:c94b91f2-1f35-4ee7-bd2b-e0d5f5c6d37e,0,True,EmptyObject,FALSE,FALSE,TRUE,0,No
489,1607937427833:bbfe86cb-32bd-4d45-b3d9-a6218d54badc,1607937427833:a76b1f4d-9339-493a-957d-198db90d9632,0,True,EmptyObject,FALSE,FALSE,TRUE,0,No
496,1607937427833:2f96a8e2-b411-4172-a96d-cb1404e38b19,1607937427833:c2d4f88a-6845-494e-8b3f-a62325b4d99a,0,True,EmptyObject,FALSE,FALSE,TRUE,0,No
503,1607937427832:7ce09da1-7cce-4f65-86d2-371de1e539e0,1607937427832:25b014e2-326c-43b3-a010-9fb6a34c08b2,0,True,EmptyObject,FALSE,FALSE,TRUE,0,No
507,1607937427832:05f87be6-a5c5-42b7-861e-eac69ea1dc6f,1607937427832:bf488d81-c515-48fb-ae63-598210aac9d2,0,True,EmptyObject,FALSE,FALSE,TRUE,0,No
527,1607937427830:46dc98fb-2892-4daa-b3b6-c88d50a43f21,1607937427830:b378eedc-4d00-4bbe-a472-00ae974ff160,0,True,EmptyObject,FALSE,FALSE,TRUE,0,No
529,1607937427830:35f4aa1e-47ef-4f60-8452-6e65b228e800,1607937427830:76791c4b-00d3-4d4c-90a2-ffac7ba3ff4e,0,True,EmptyObject,FALSE,FALSE,TRUE,0,No
531,1607937427829:fbcd9fde-d0dc-42e9-9c63-df950e8f559a,1607937427829:359f2c43-b03b-4f03-b2db-e3b80ef6da26,0,True,EmptyObject,FALSE,FALSE,TRUE,0,No
535,1607937427829:9acc1bc5-2cc1-48dd-917d-13e3e6eb709f,1607937427829:1f025ead-22ca-4b6f-8dd8-6c0b12e6bd83,0,True,EmptyObject,FALSE,FALSE,TRUE,0,No
547,1607937427828:2d6e4238-732a-48f7-997d-5e0d6b2b1ce9,1607937427828:1edd6f06-7688-4b3b-b331-322735a66072,0,True,EmptyObject,FALSE,FALSE,TRUE,0,No
558,1607937427826:bcc81a51-9e48-42e7-972d-10829e393fae,1607937427826:af92ad19-e1c4-423c-856e-3942af1e417a,0,True,EmptyObject,FALSE,FALSE,TRUE,0,No
561,1607937427826:97e7b422-850b-4277-bcd4-47ae89226087,1607937427826:2413e4f5-bbca-4198-910e-334ab43c7ea1,0,True,EmptyObject,FALSE,FALSE,TRUE,0,No
564,1607937427826:8c23bad5-a3b2-4e92-acf5-f67a3f9a05bb,1607937427826:8cbef4f1-779b-4582-b203-7b87c03b68fc,0,True,EmptyObject,FALSE,FALSE,TRUE,0,No
576,1607937427824:d73cd7e4-1a4f-4797-9a49-4e38ddf6b6c7,1607937427824:e4e907b1-f864-492e-a34e-603de287b1fa,0,True,EmptyObject,FALSE,FALSE,TRUE,0,No
578,1607937427824:bfff8397-a65c-4ab5-8b84-260b1a33670e,1607937427824:63dc338f-45b6-4106-a785-eb8f759cd3f2,0,True,EmptyObject,FALSE,FALSE,TRUE,0,No
592,1607937427822:cb88bf59-a1e3-4ae7-ae22-8143557515c2,1607937427822:00775a53-f122-47d5-b820-a0a8adaf1230,0,True,EmptyObject,FALSE,FALSE,TRUE,0,No
594,1607937427822:8f399476-61d9-44af-a6e3-9b9dc42a3854,1607937427822:2936dd4f-74aa-4bc9-8ea0-dfc78d3381b3,0,True,EmptyObject,FALSE,FALSE,TRUE,0,No
598,1607937427822:27c53123-129a-4828-a665-2f5e6492adda,1607937427822:1fb8559f-7fdd-4075-b01c-6b69cc24667a,0,True,EmptyObject,FALSE,FALSE,TRUE,0,No
612,1607937427820:9fa01768-d656-42ce-a093-435a82276ebc,1607937427820:95a76461-92cb-448e-97bb-a0b3b8938f3c,0,True,EmptyObject,FALSE,FALSE,TRUE,0,No
614,1607937427820:81e32d97-b94c-402a-be6c-98fa4f95d463,1607937427820:b9f41090-9a29-4b94-ae2c-4c9ef2368f24,0,True,EmptyObject,FALSE,FALSE,TRUE,0,No
632,1607937427818:33039b2b-e3d2-4619-84b3-c5f698970194,1607937427818:c686ee6a-4710-4924-81cb-101e94f0eda7,0,True,EmptyObject,FALSE,FALSE,TRUE,0,No
644,1607937427817:29cb1bed-a6fe-4d59-88d5-4a7d06e292d7,1607937427817:d3ddfed1-dfec-47a1-8ebf-0f2a57f7219a,0,True,EmptyObject,FALSE,FALSE,TRUE,0,No
649,1607937427816:873352b0-5082-417a-aaee-040e54165fca,1607937427816:49e4679a-842b-488d-b2b4-9d0e1e7c63d6,0,True,EmptyObject,FALSE,FALSE,TRUE,0,No
653,1607937427816:19a6f14d-384c-40eb-b74c-04d2b207e720,1607937427816:1dfe86ad-75d0-4181-a280-fe188af5e776,0,True,EmptyObject,FALSE,FALSE,TRUE,0,No
658,1607937427815:be1e3ca1-6d04-4f95-a5af-42dfa17d3b8d,1607937427815:e5c6de30-5b87-4bb8-ba08-6494bcb5b2f5,0,True,EmptyObject,FALSE,FALSE,TRUE,0,No
661,1607937427815:66ee2737-3ca6-4ea0-89f5-3dc697327b0d,1607937427815:cbdb49a6-7a7f-434b-9973-6c6aeea1b882,0,True,EmptyObject,FALSE,FALSE,TRUE,0,No
663,1607937427815:5c52bf83-58cb-4204-a8c4-c66f1cce6089,1607937427815:fba07fcb-5d74-4a36-8f04-6832b31396b0,0,True,EmptyObject,FALSE,FALSE,TRUE,0,No
665,1607937427815:4ddaa988-f967-48be-90e6-1fe22f5ff48c,1607937427815:60925bd3-4202-4952-8cf5-c99b95020720,0,True,EmptyObject,FALSE,FALSE,TRUE,0,No
669,1607937427814:bae839f0-a541-43fc-98d1-eac58a2b5abc,1607937427814:8971f180-ccb0-47d7-9afd-7f413d025472,0,True,EmptyObject,FALSE,FALSE,TRUE,0,No
672,1607937427814:6011a732-7934-4671-9914-df79342ad7b2,1607937427814:3f25ead9-5a59-4d59-96ad-83d9e2e1b8cd,0,True,EmptyObject,FALSE,FALSE,TRUE,0,No
676,1607937427814:3f3184eb-6624-4a80-8d46-d1f76b96137f,1607937427814:ca0a7111-bda5-4c89-8e90-f66cd1260888,0,True,EmptyObject,FALSE,FALSE,TRUE,0,No
679,1607937427813:c8d7aa69-fe66-44d2-90a6-acc9ccdf523d,1607937427813:b30a49e0-cc78-4166-8de6-72de22367a76,0,True,EmptyObject,FALSE,FALSE,TRUE,0,No
681,1607937427813:ad239eba-059e-420d-b2a1-88454eccf667,1607937427813:73ba4118-3df4-48d0-8d72-4fd84c569c36,0,True,EmptyObject,FALSE,FALSE,TRUE,0,No
684,1607937427813:54d43090-1c92-4fca-ad4a-8ad9e1fa8bca,1607937427813:c4252ba2-baa7-4d4a-8806-d949c8fde2b8,0,True,EmptyObject,FALSE,FALSE,TRUE,0,No
688,1607937427812:f05fd124-aa2f-41de-95f3-9e0a3519a1b0,1607937427812:6c422902-c4ca-4dce-a8b8-d0b6e7349963,0,True,EmptyObject,FALSE,FALSE,TRUE,0,No
696,1607937427811:ca7138a3-662b-4099-8ab1-878871eb6254,1607937427811:6686b279-fc30-406c-8e77-441fd4963e43,0,True,EmptyObject,FALSE,FALSE,TRUE,0,No
712,1607937427809:a3494c29-bcb6-4c1e-9e12-dd73375f57d9,1607937427809:c6cf0481-c26b-4904-9da1-a32c6ca04d34,0,True,EmptyObject,FALSE,FALSE,TRUE,0,No
715,1607937427809:6c642605-3063-4df7-8a03-c83ed5bc1044,1607937427809:56568cea-8da3-495f-96a0-862c190cd68e,0,True,EmptyObject,FALSE,FALSE,TRUE,0,No
724,1607937427808:a505abc0-e8f0-401d-a44b-8655475c1c19,1607937427808:50c7e310-c757-48be-b7bb-638581a1473e,0,True,EmptyObject,FALSE,FALSE,TRUE,0,No
737,1607937427806:de37e9a4-e1bd-4a53-bd76-bee1c2fe0849,1607937427806:36e1f3c5-6548-4c4a-bafa-b3b4ae0a29ad,0,True,EmptyObject,FALSE,FALSE,TRUE,0,No
741,1607937427806:c778fcdb-3dc2-406e-9107-8314df1236b1,1607937427806:c1796612-4e32-4bce-b66a-d6ce0698addf,0,True,EmptyObject,FALSE,FALSE,TRUE,0,No
746,1607937427806:90a50de4-f16c-408f-8f53-94cf3b7343ba,1607937427806:16744479-2ed8-4020-b30f-79be17bc3513,0,True,EmptyObject,FALSE,FALSE,TRUE,0,No
750,1607937427805:ddc7bcac-20e6-4e2d-aa68-7c56d5f683af,1607937427805:cfa80eed-9f36-44ad-a1c6-3400e99055da,0,True,EmptyObject,FALSE,FALSE,TRUE,0,No
764,1607937427804:81184506-6874-4fc3-951e-5a2bef785cea,1607937427804:7b371e62-c7ee-4462-bc35-d81af9b8661c,0,True,EmptyObject,FALSE,FALSE,TRUE,0,No
766,1607937427804:43afe4ee-663b-4365-825b-bc779bdf16c0,1607937427804:2867671b-1058-4c32-9a9f-05bd5687bb03,0,True,EmptyObject,FALSE,FALSE,TRUE,0,No
769,1607937427804:3c9000e3-7ebd-4992-95e9-e79f352175d7,1607937427804:75127968-9209-4099-8f2b-5bab409392ef,0,True,EmptyObject,FALSE,FALSE,TRUE,0,No
786,1607937427803:0ce2b8e8-1eef-4958-bcb0-53b75fb052ac,1607937427803:ba6d9155-eed1-478d-b1c0-b97a496990bf,0,True,EmptyObject,FALSE,FALSE,TRUE,0,No
792,1607937427802:b40ca685-b225-49db-a652-c3bee835fc43,1607937427802:fe96f9e0-81ec-41d1-a3f0-c8f0066b821f,0,True,EmptyObject,FALSE,FALSE,TRUE,0,No
800,1607937427801:c71b27cf-dc85-481b-932e-8ec12c9d33eb,1607937427801:d86bf0f8-332c-4e1b-a8a0-ee95e40e749a,0,True,EmptyObject,FALSE,FALSE,TRUE,0,No
802,1607937427801:bc67cb73-0f9f-4759-9265-a6dc01b01381,1607937427802:2e30e410-4b55-45ca-8b48-28389d6b927f,0,True,EmptyObject,FALSE,FALSE,TRUE,0,No
804,1607937427801:b259ff89-e90b-493b-8dd4-c6b65a872c71,1607937427801:26a5e56a-279b-4065-99bc-1739c21ec4dc,0,True,EmptyObject,FALSE,FALSE,TRUE,0,No
808,1607937427801:4781c19d-92c3-44ff-8406-0a5d6f978a3e,1607937427801:7a5dcf8e-7189-48c3-941f-350c1b49efad,0,True,EmptyObject,FALSE,FALSE,TRUE,0,No
815,1607937427800:b1603efe-f389-4ee6-a486-f1607a626d42,1607937427800:00e8b9d4-3462-43b0-aae0-2d99582107e9,0,True,EmptyObject,FALSE,FALSE,TRUE,0,No
821,1607937427800:55975d0d-d90d-4b31-8b25-cfa2859f8403,1607937427800:350992c7-8f1b-4914-9ead-4c4e447b130e,0,True,EmptyObject,FALSE,FALSE,TRUE,0,No
841,1607937427797:d2f22ebf-9aee-41df-8071-44c4256db574,1607937427797:8673ae89-4293-47b4-abec-bec2ac7b5c69,0,True,EmptyObject,FALSE,FALSE,TRUE,0,No
844,1607937427797:8a6eb808-7362-48bd-aabe-5c2e6b41eb31,1607937427797:2d71dd9f-60d7-431a-9dd9-4481b44a574c,0,True,EmptyObject,FALSE,FALSE,TRUE,0,No
853,1607937427796:ce88e998-00ab-4d42-a0f3-c0c9198bcca9,1607937427796:bba8ae77-f874-4b3b-890b-f495337b1b2c,0,True,EmptyObject,FALSE,FALSE,TRUE,0,No
858,1607937427796:7617a8bf-c2de-4e08-9118-e954a8672a22,1607937427796:f4382958-fbfc-44d6-a468-8dde4be0749c,0,True,EmptyObject,FALSE,FALSE,TRUE,0,No
864,1607937427795:c40db963-0e0b-445c-8a48-22ec2301dda8,1607937427795:91ee7d49-72df-4a09-b3a2-519e1dc5f0ad,0,True,EmptyObject,FALSE,FALSE,TRUE,0,No
867,1607937427795:a5fd942a-6892-4b78-9548-6c1596081587,1607937427795:1a450392-f6a7-4945-90e3-e3a83d16c7d4,0,True,EmptyObject,FALSE,FALSE,TRUE,0,No
869,1607937427795:9ac91dc9-7342-4327-9fea-c3be35ce1994,1607937427795:c3986f0c-8dcd-4245-8aa3-439f56aed291,0,True,EmptyObject,FALSE,FALSE,TRUE,0,No
874,1607937427795:1e95b5d6-c389-4a82-9cf5-86f6232af432,1607937427795:043c67ad-832f-4bef-8b38-e63234566ac6,0,True,EmptyObject,FALSE,FALSE,TRUE,0,No
877,1607937427794:f0d50984-2f41-4792-8ec3-f1393ffd958c,1607937427795:4fbb53d5-f02d-4cea-b3e0-99f4e9044816,0,True,EmptyObject,FALSE,FALSE,TRUE,0,No
887,1607937427794:04053a75-e889-414c-ac79-a5e102857fa3,1607937427794:0875a396-763b-43fe-a15d-c48a8570a0ef,0,True,EmptyObject,FALSE,FALSE,TRUE,0,No
891,1607937427793:a0c9f888-bd88-4265-8fb9-887759144f21,1607937427793:d41984a8-d4fd-4c34-89c8-50769cecf1f7,0,True,EmptyObject,FALSE,FALSE,TRUE,0,No
895,1607937427793:87d379d1-4300-423f-9b2d-ed27db85b0e4,1607937427793:02eab661-397a-469c-92d3-f049f025b028,0,True,EmptyObject,FALSE,FALSE,TRUE,0,No
899,1607937427793:1b0e8612-29b2-45ba-a753-168d6d21fd61,1607937427793:a4885f1a-5c66-47f2-a4d5-a470318e2926,0,True,EmptyObject,FALSE,FALSE,TRUE,0,No
901,1607937427793:0c0a5544-d3ec-4773-bf88-6593e16a69d0,1607937427793:2ce166c6-6c4e-45cd-8bec-edd5ee1bea3c,0,True,EmptyObject,FALSE,FALSE,TRUE,0,No
911,1607937427792:3efa7603-f3af-4ebf-aef5-0874ab5b864b,1607937427792:29a20308-5541-4247-a490-a630617a2bb9,0,True,EmptyObject,FALSE,FALSE,TRUE,0,No
924,1607937427791:0b15f80b-e275-4e43-ab30-054d2b351669,1607937427791:6faf237c-50ca-4700-b5aa-7a2720f290b5,0,True,EmptyObject,FALSE,FALSE,TRUE,0,No
927,1607937427790:cfb86aa6-e582-40d3-b3ea-6cdcff8b1bb4,1607937427790:99c49f6f-11e8-4bdc-b293-7f33bfa37469,0,True,EmptyObject,FALSE,FALSE,TRUE,0,No
939,1607937427789:f66a86ed-f05e-4e58-ac73-be53036027ce,1607937427789:86a80a7c-cf09-4ff4-899a-e919a24ab60b,0,True,EmptyObject,FALSE,FALSE,TRUE,0,No
954,1607937427788:e5fb20da-57da-46b4-b704-298b274e2224,1607937427788:e65c4d99-5b7a-40a6-a702-18735d09d067,0,True,EmptyObject,FALSE,FALSE,TRUE,0,No
959,1607937427788:6a661405-032b-4386-a34c-2ed980158095,1607937427788:059b6234-d8f6-40bf-bdfa-c6776022ec50,0,True,EmptyObject,FALSE,FALSE,TRUE,0,No
960,1607937427788:6a661405-032b-4386-a34c-2ed980158095,1607937427788:059b6234-d8f6-40bf-bdfa-c6776022ec50,0,True,EmptyObject,FALSE,FALSE,TRUE,0,No
961,1607937427788:6a661405-032b-4386-a34c-2ed980158095,1607937427788:059b6234-d8f6-40bf-bdfa-c6776022ec50,0,True,EmptyObject,FALSE,FALSE,TRUE,0,No
964,1607937427788:5d85c263-958a-4d2a-9590-c167edc63f82,1607937427788:0d051dda-54c1-4f64-affc-01bfc251e801,0,True,EmptyObject,FALSE,FALSE,TRUE,0,No
968,1607937427788:30ccc1fc-6582-4abd-96f5-5bd62376541b,1607937427788:a29e7f21-7b3f-4a6a-820d-e66fc35832ac,0,True,EmptyObject,FALSE,FALSE,TRUE,0,No
971,1607937427787:d85148a1-6838-4399-8d86-d47f8d176826,1607937427787:f951d912-82d8-42ab-954c-bfa33ec2b90f,0,True,EmptyObject,FALSE,FALSE,TRUE,0,No
980,1607937427787:38e0aaa9-3289-481b-a61c-37fd66c524fd,1607937427787:0796e835-a35a-428c-8ae0-3fdf7d21272f,0,True,EmptyObject,FALSE,FALSE,TRUE,0,No
990,1607937427786:2ea4f9c2-1d69-4303-87e1-66b5269a5e75,1607937427786:f42cde12-7e20-4bde-b80a-55b96f882aff,0,True,EmptyObject,FALSE,FALSE,TRUE,0,No
994,1607937427785:cc5a290e-460a-485f-9a73-8f0cc1c47315,1607937427785:e73420ef-6168-4143-9a58-4fa891d8ecf1,0,True,EmptyObject,FALSE,FALSE,TRUE,0,No
996,1607937427785:c732cee5-1fbb-41e6-b9d3-7ac5840fa26e,1607937427785:21d37204-9d46-4638-9e77-7f091b5b70a2,0,True,EmptyObject,FALSE,FALSE,TRUE,0,No
1003,1607937427785:25b93f3b-802e-4752-9463-627435829ce7,1607937427785:61507568-ab7f-4562-a825-c90bdcf14680,0,True,EmptyObject,FALSE,FALSE,TRUE,0,No
1008,1607937427784:eb3ad44d-80b8-455b-8369-f0369fceedc8,1607937427784:37456c18-ca00-4b49-af00-797a6387f7b8,0,True,EmptyObject,FALSE,FALSE,TRUE,0,No
1020,1607937427783:9f779c24-18af-43bb-8e6f-4f61f02841db,1607937427783:e45f999a-9fce-444e-b1d9-9a5029725631,0,True,EmptyObject,FALSE,FALSE,TRUE,0,No
1022,1607937427783:8b0a63ad-eb5e-4e7e-8f60-28a128ce1a7f,1607937427784:2b7af3df-47d3-44fe-87fd-3936817ee784,0,True,EmptyObject,FALSE,FALSE,TRUE,0,No
1031,1607937427782:83c82eac-181c-4e40-8a26-268fb59a1701,1607937427782:dd921ab2-f660-4cc4-9928-c8bf597da77e,0,True,EmptyObject,FALSE,FALSE,TRUE,0,No
1035,1607937427782:38c39fdc-c61d-45ea-9383-eda7305ca3b5,1607937427782:5b375925-f60a-4296-847a-1d9c2bcffd13,0,True,EmptyObject,FALSE,FALSE,TRUE,0,No
1043,1607937427781:3338f039-a359-4575-a71b-4c146f453184,1607937427781:d19e7e63-6304-4940-990c-29afc2a595b4,0,True,EmptyObject,FALSE,FALSE,TRUE,0,No
1048,1607937427780:b36f4c06-9a17-44ee-8fbb-5a9a05f780e0,1607937427780:301a47b9-bc1c-4a54-8c60-14538e1993f8,0,True,EmptyObject,FALSE,FALSE,TRUE,0,No
1050,1607937427780:aa37a971-58c2-46c6-8985-2059b494be02,1607937427780:0315876b-fb92-4e8e-b4bf-b259956543b0,0,True,EmptyObject,FALSE,FALSE,TRUE,0,No
1060,1607937427779:fee771ba-2abe-402f-ac60-b32611ab7a70,1607937427779:d5f302e2-6693-474b-9c0e-84417c77f7f1,0,True,EmptyObject,FALSE,FALSE,TRUE,0,No
1066,1607937427779:5d1a95da-2ea6-4c7f-9ff3-9433e51bd2d7,1607937427779:7f1bffe0-661d-43cc-b054-1b060a889118,0,True,EmptyObject,FALSE,FALSE,TRUE,0,No
1072,1607937427779:12da8347-e5b0-4f28-a0c6-88a198c7c9d0,1607937427779:857f9fc6-b5f4-4a5c-bb38-836828563a7a,0,True,EmptyObject,FALSE,FALSE,TRUE,0,No
1074,1607937427778:ffd17abc-307b-4041-8c04-a9d7eed8d608,1607937427778:9aef7ddf-395e-4cbe-9f06-ba2b1fac9054,0,True,EmptyObject,FALSE,FALSE,TRUE,0,No
1076,1607937427778:fc2d4bce-66aa-44b6-9d7e-83717ef14955,1607937427778:bcd48d4f-7e20-4b93-bcdd-8d6a20557066,0,True,EmptyObject,FALSE,FALSE,TRUE,0,No
1082,1607937427778:7089d8e3-93a9-4b5a-9475-4b66a6f60556,1607937427778:840258f4-6e53-41ef-bcf3-78272d88fbcb,0,True,EmptyObject,FALSE,FALSE,TRUE,0,No
1090,1607937427777:d030e318-965c-4e48-8cd3-ef58396a6b8a,1607937427777:a857589d-084d-49bc-8a56-1677329189bb,0,True,EmptyObject,FALSE,FALSE,TRUE,0,No
1099,1607937427777:2c38e8a1-9367-4fc7-a5b5-51fc24118cb5,1607937427777:b1baa36c-d795-468b-97ff-a86a6b4c6f67,0,True,EmptyObject,FALSE,FALSE,TRUE,0,No
1101,1607937427776:f2c9df3a-ffc0-4b82-8924-12fd0cb86f2f,1607937427776:6e80dd0e-c3c4-4c77-bbe8-99cbcfd03924,0,True,EmptyObject,FALSE,FALSE,TRUE,0,No
1105,1607937427776:9983ffd7-5a59-43d1-a0fd-ca8b7c480c11,1607937427776:587b4b5f-38ef-40b2-945f-2ad13fdb79f6,0,True,EmptyObject,FALSE,FALSE,TRUE,0,No
1108,1607937427776:7f18d7c1-f223-40a2-84a6-f699eeecb855,1607937427776:e84f8a0d-7bc5-4e83-aa66-38d0b9fece2b,0,True,EmptyObject,FALSE,FALSE,TRUE,0,No
1111,1607937427776:7542a2dd-7cef-460c-9d2b-1732069eccd2,1607937427776:f3983617-3c33-4358-8370-a95d705eb6cb,0,True,EmptyObject,FALSE,FALSE,TRUE,0,No
1120,1607937427775:7ee0b118-cb33-4dc0-affc-86e6e99cb1e7,1607937427775:17f3ba6c-e20c-43e2-9e42-a75cfed7fe63,0,True,EmptyObject,FALSE,FALSE,TRUE,0,No
1122,1607937427775:7a7e46d0-4ec9-4fd6-8434-2d19d057f7dc,1607937427775:665423a8-c42b-4aef-9b43-4290ad18f7b9,0,True,EmptyObject,FALSE,FALSE,TRUE,0,No
1133,1607937427774:953b3867-06b4-4448-abfb-5f90424344b7,1607937427774:a0c54eb9-147b-48b6-8a73-98dc73414df1,0,True,EmptyObject,FALSE,FALSE,TRUE,0,No
1137,1607937427774:3b3c09a0-6319-4811-b0f9-dad5c6ab639b,1607937427774:de13e288-3b3f-4046-9fe2-b243a6fd7e97,0,True,EmptyObject,FALSE,FALSE,TRUE,0,No
1143,1607937427773:bbb39e5a-0c26-440b-b998-e1e764d9f060,1607937427773:aea8e5bd-f9e3-41d9-bcab-7d7f0b46244d,0,True,EmptyObject,FALSE,FALSE,TRUE,0,No
1154,1607937427772:f8f0f7ba-b9e6-4870-8e9e-964005894fd7,1607937427772:66fc7038-2f94-4179-bd81-fa9595514c4b,0,True,EmptyObject,FALSE,FALSE,TRUE,0,No
1163,1607937427772:69dc17fc-1137-4faf-af5b-86a7cd9d9cb6,1607937427772:80467803-223c-4260-88d6-9ddbe1192708,0,True,EmptyObject,FALSE,FALSE,TRUE,0,No
1166,1607937427772:487395e1-f978-460a-bca7-b21d089ebf31,1607937427773:7e7c4833-70c3-4610-a7d4-dcd19b089eea,0,True,EmptyObject,FALSE,FALSE,TRUE,0,No
1178,1607937427771:1fe58841-75a4-43ae-8608-c8262b71e6e3,1607937427771:67ae43c6-3395-49e0-af3f-00c69c74fe44,0,True,EmptyObject,FALSE,FALSE,TRUE,0,No
1180,1607937427771:0746282b-9c35-4085-b646-ebf264b4ad0b,1607937427771:ee3514df-d804-44b6-9fcc-c2457e6fbaef,0,True,EmptyObject,FALSE,FALSE,TRUE,0,No
1191,1607937427770:128874ac-5954-4bc9-a181-b5bf91c8d752,1607937427770:b5573e0e-e15f-4df9-8b06-f52971dcba7d,0,True,EmptyObject,FALSE,FALSE,TRUE,0,No
1195,1607937427769:ff45b687-07f1-4572-9f63-541b00c12eb5,1607937427769:0d29f827-0749-47c7-8820-822ccae62460,0,True,EmptyObject,FALSE,FALSE,TRUE,0,No
1198,1607937427769:edf9cc04-d4ec-47f4-a57e-9c56c78c2758,1607937427769:c8a4407f-2d4d-4001-8ff7-94ad6bb88301,0,True,EmptyObject,FALSE,FALSE,TRUE,0,No
1200,1607937427769:dd2f0be6-f6e6-42dd-af7b-9b11f87fff82,1607937427769:d356dcc6-3e61-4f7d-8259-0a18527bc090,0,True,EmptyObject,FALSE,FALSE,TRUE,0,No
1202,1607937427769:b1564284-88e0-49fa-8584-5789ec6cb390,1607937427769:5f97685e-609d-4bf5-ba9b-5dc7af3418a4,0,True,EmptyObject,FALSE,FALSE,TRUE,0,No
1204,1607937427769:ae5c4f61-8a39-4684-a8ed-10ea5b2ceece,1607937427769:92d86d80-081c-430a-8da0-87608aacfa84,0,True,EmptyObject,FALSE,FALSE,TRUE,0,No
1207,1607937427769:68fb3bfa-12a9-40d8-9891-936a0f0dc892,1607937427769:0914c24d-64b0-4fd5-a744-545e0aa70fee,0,True,EmptyObject,FALSE,FALSE,TRUE,0,No
1218,1607937427768:3e72700b-8872-47cb-bea3-58b570e533dc,1607937427768:30616a8b-5d7f-426a-91c1-ade94964c2a2,0,True,EmptyObject,FALSE,FALSE,TRUE,0,No
1222,1607937427767:f7f1f956-1f8b-4456-b3db-f2036307268b,1607937427767:ccca4be6-6500-49da-9b73-eae91f041968,0,True,EmptyObject,FALSE,FALSE,TRUE,0,No
1225,1607937427767:50372e6e-22d9-4e32-81c7-e854bdaa8904,1607937427767:73493393-e5d2-45df-9e6b-3976c636c9b5,0,True,EmptyObject,FALSE,FALSE,TRUE,0,No
1232,1607937427767:08e985a6-cbbd-486a-9b60-1a9b87fb347f,1607937427767:22088f75-6652-4b89-9231-357dd7daa9ec,0,True,EmptyObject,FALSE,FALSE,TRUE,0,No
1243,1607937427766:1c676314-a566-44c8-a4ee-2816cb38e12b,1607937427766:f0fd6837-0af5-4d41-af6a-bab0d3164077,0,True,EmptyObject,FALSE,FALSE,TRUE,0,No
1253,1607937427764:feec8ba7-3952-48aa-96e8-5996638f6a5f,1607937427764:f11f11c9-f341-403c-b030-da572e2c34cc,0,True,EmptyObject,FALSE,FALSE,TRUE,0,No
1255,1607937427764:fe4fdee5-e8b2-4b8c-b78d-53c1abd6d9fb,1607937427764:34933901-1db6-40a7-a0ab-0d4d2e4d871d,0,True,EmptyObject,FALSE,FALSE,TRUE,0,No
1258,1607937427764:c589524e-5932-4614-8a30-5c31bf19ada5,1607937427764:249fa608-1f9f-4651-bc51-8ddbaf3afbaf,0,True,EmptyObject,FALSE,FALSE,TRUE,0,No
1260,1607937427764:c46ca6a9-3d6f-44a7-91c5-61b337e28262,1607937427764:8afe2e10-726f-44a0-bfd1-272a8e43f645,0,True,EmptyObject,FALSE,FALSE,TRUE,0,No
1262,1607937427764:69886ab4-df98-4970-9344-98db500324bd,1607937427764:1caf7003-b15e-4ee5-a2c3-1a53c0d97db9,0,True,EmptyObject,FALSE,FALSE,TRUE,0,No
1268,1607937427763:d51f8150-8f08-4261-87de-4a361b4dd9d6,1607937427763:3ea029f8-3eb7-41d0-82f8-64bb5dc9ce4f,0,True,EmptyObject,FALSE,FALSE,TRUE,0,No
1271,1607937427763:8864b5a0-b783-4f52-ba84-0c7fd74cccf1,1607937427763:1434077e-cc27-4ddc-969c-47e3b3e5175d,0,True,EmptyObject,FALSE,FALSE,TRUE,0,No
1274,1607937427763:4dfd3a95-a843-49f8-b250-62ca7eff95ae,1607937427763:dc658555-8fe8-4a7e-8d58-a9437408e653,0,True,EmptyObject,FALSE,FALSE,TRUE,0,No
1276,1607937427763:49f72a4b-e192-44ba-acbe-f00b3bf52c23,1607937427763:f352d470-d66f-4ab0-8abf-684a91ea17f8,0,True,EmptyObject,FALSE,FALSE,TRUE,0,No
1278,1607937427763:3bd9a0ff-0ba1-4753-b127-a4bc27693125,1607937427763:e7f9018d-da52-493f-80b3-da01fbc085ec,0,True,EmptyObject,FALSE,FALSE,TRUE,0,No
1283,1607937427762:df1c4415-fdbf-44ad-82eb-1891790aa55f,1607937427762:0c86dbce-da83-4ca4-85d3-5385204b5b49,0,True,EmptyObject,FALSE,FALSE,TRUE,0,No
1298,1607937427761:c6a504e8-ef40-455a-8b57-ff1c5809b665,1607937427761:bceafdf7-f58b-4cce-98c4-5805bcf5d4db,0,True,EmptyObject,FALSE,FALSE,TRUE,0,No
1304,1607937427761:4df8f26a-f235-4218-8a30-6fd7a95523e7,1607937427761:58ac2a82-1d0f-4549-9ef2-334cae4d637e,0,True,EmptyObject,FALSE,FALSE,TRUE,0,No
1306,1607937427761:031cea23-0c56-43d9-a149-5ce4df2a6393,1607937427761:dbaa7258-cee0-4eb5-b30c-de4f8fb36e21,0,True,EmptyObject,FALSE,FALSE,TRUE,0,No
1310,1607937427760:dd8f9999-c6a0-482d-b6c3-e8f626b2e2c9,1607937427760:f0abaebc-4b5c-4517-b11d-fea488cbfd9f,0,True,EmptyObject,FALSE,FALSE,TRUE,0,No
1314,1607937427760:795b4511-dd58-4e3e-94f8-2d00a9378fea,1607937427760:ce2cbfe4-a1b2-4b19-bcfc-00b5331bd29c,0,True,EmptyObject,FALSE,FALSE,TRUE,0,No
1316,1607937427760:5ff03f43-7c0e-48cf-baad-94db3555cc5d,1607937427760:ed221024-ab2d-4874-9b68-a63da8b82b79,0,True,EmptyObject,FALSE,FALSE,TRUE,0,No
1318,1607937427760:5f24bf01-26d7-4944-9fd2-b5d92c72dcf3,1607937427760:9ecf9181-edef-456b-97f1-832d71605b98,0,True,EmptyObject,FALSE,FALSE,TRUE,0,No
1321,1607937427759:9aae950f-5fe5-48e6-b88e-e8e38e7f0c95,1607937427759:93637bcd-ae2c-460d-a07a-4edd95530b77,0,True,EmptyObject,FALSE,FALSE,TRUE,0,No
1324,1607937427759:4376946c-d09b-4f21-8af3-836f35c146f5,1607937427759:0acac406-5269-4565-8fa5-6a555db4a672,0,True,EmptyObject,FALSE,FALSE,TRUE,0,No
1331,1607937427758:cf6ea647-06a1-4490-90d3-bb23ae99ccc0,1607937427758:bbc2346d-bbea-4d8c-9ce6-ea0c78a0cc9e,0,True,EmptyObject,FALSE,FALSE,TRUE,0,No
1339,1607937427756:e6a94fc0-be72-4be7-a26b-582b125cda73,1607937427756:3e28d0ea-5946-4350-9e70-e8d74eeca24c,0,True,EmptyObject,FALSE,FALSE,TRUE,0,No
1342,1607937427756:9c4d7e73-5d55-43b6-a4e1-7e4655b95cb9,1607937427756:132066a0-6b96-407d-b6dc-7b5132f64efd,0,True,EmptyObject,FALSE,FALSE,TRUE,0,No
1344,1607937427756:82a4804c-4690-44c9-8cfb-4e70f69d871c,1607937427756:469e14be-17ee-496c-b3fc-dec5ad42cb92,0,True,EmptyObject,FALSE,FALSE,TRUE,0,No
1351,1607937427755:4db87f04-9e2c-4ff9-a1fb-d47e9f842d83,1607937427755:f31924a0-e1b2-4371-93ee-989f808a5923,0,True,EmptyObject,FALSE,FALSE,TRUE,0,No
1354,1607937427755:2ace64f9-84cf-457e-8f99-8b0fc53ffadf,1607937427755:2de35360-2049-4f45-a99f-112008454eb6,0,True,EmptyObject,FALSE,FALSE,TRUE,0,No
1362,1607937427753:f76fae9b-670d-4f98-9b3d-03317b5a6769,1607937427753:1da06544-299c-4712-8ed6-1ca7318cb8f3,0,True,EmptyObject,FALSE,FALSE,TRUE,0,No
1366,1607937427753:954d6e69-6e8a-4c3b-9612-5ba0563953ae,1607937427753:b28f8bc5-eaf4-4857-a946-cc252b5ab7e6,0,True,EmptyObject,FALSE,FALSE,TRUE,0,No
1372,1607937427752:5909bd2a-89d4-4fa8-aa23-11c2855fbddf,1607937427752:499ad88a-1eac-4ae7-8755-992a301969a8,0,True,EmptyObject,FALSE,FALSE,TRUE,0,No
1378,1607937427752:1ac7439f-e8fc-400a-afbc-3c1de19618c9,1607937427752:724fca02-7300-4eff-b806-db439739fcdf,0,True,EmptyObject,FALSE,FALSE,TRUE,0,No
1381,1607937427751:f2f3088e-5ca8-47a8-bf6a-a3d73fb1bad7,1607937427751:27482d17-1bad-4cb1-a1cd-e42ed31e2d2d,0,True,EmptyObject,FALSE,FALSE,TRUE,0,No
1383,1607937427751:b9da9aeb-8182-401d-b6a5-387d77fb9041,1607937427751:c043e248-6040-4b66-9988-7b4644b3ef29,0,True,EmptyObject,FALSE,FALSE,TRUE,0,No
1396,1607937427750:4e9f0358-9842-402e-b3ae-052ab26d8a5b,1607937427750:aea99ec8-9581-4e87-bf42-999673f38457,0,True,EmptyObject,FALSE,FALSE,TRUE,0,No
1399,1607937427750:40377fc5-34ab-4531-a1cb-1e410299d190,1607937427750:09fc934c-b67d-4767-8195-d3454dbc8a2a,0,True,EmptyObject,FALSE,FALSE,TRUE,0,No
1410,1607937427749:97094238-2f85-46fc-ae86-78727028aab7,1607937427749:97dc041a-6179-4eae-9e67-6f4d3d799869,0,True,EmptyObject,FALSE,FALSE,TRUE,0,No
1423,1607937427748:395d8f83-c2ea-4a5a-bb90-e21642cab3c6,1607937427748:84c088de-010e-4d58-96f1-b94c1b95724a,0,True,EmptyObject,FALSE,FALSE,TRUE,0,No
1425,1607937427748:2af71251-12a2-44a6-9bfa-a1ef9a7c7688,1607937427748:461e6fc9-b97c-4468-bc8b-d4700ec529ba,0,True,EmptyObject,FALSE,FALSE,TRUE,0,No
1437,1607937427747:0a087d59-de0c-4981-b2c1-cbdf01f22ea9,1607937427747:9802fe70-3795-4772-a898-78e4d4bb3946,0,True,EmptyObject,FALSE,FALSE,TRUE,0,No
1446,1607937427746:1ea8a35d-ba41-410f-8700-8d377503014f,1607937427746:5573a00a-ab5a-41d5-952b-b564a270691d,0,True,EmptyObject,FALSE,FALSE,TRUE,0,No
1475,1607937427742:e65a9a53-b386-43a8-b902-fb2c7cbe7f04,1607937427742:2dff38d9-be61-4708-a7b2-3e2f7064c626,0,True,EmptyObject,FALSE,FALSE,TRUE,0,No
1491,1607937427741:abd2d571-6332-4c25-93ea-6aec8c8b8346,1607937427741:5177eefa-3df4-41cf-97ca-c1cd9dca4955,0,True,EmptyObject,FALSE,FALSE,TRUE,0,No
1497,1607937427740:f417c8d2-192f-45f8-a86e-b606d949699e,1607937427740:901ac798-ab2a-4be5-a636-b527c91befa8,0,True,EmptyObject,FALSE,FALSE,TRUE,0,No
1504,1607937427740:8fd72c7c-b032-4fc2-8e1e-5da76cbb86b5,1607937427740:d6c88adc-4ad3-44be-899c-8223c3379f40,0,True,EmptyObject,FALSE,FALSE,TRUE,0,No
1512,1607937427739:d013a15c-4427-407b-ab86-618de42f0dea,1607937427739:8dc3b902-912e-48fc-baff-6dbcf63dc69b,0,True,EmptyObject,FALSE,FALSE,TRUE,0,No
1521,1607937427739:18d95344-6c6f-4bc6-9fd3-0f7551d50411,1607937427739:0e544328-3802-4efb-bbe2-6380ef3c4963,0,True,EmptyObject,FALSE,FALSE,TRUE,0,No
1527,1607937427738:7848f339-f6b6-42ff-b3e3-24ef6e58399e,1607937427738:961b8342-53bd-4dfb-9033-e808feaa1a96,0,True,EmptyObject,FALSE,FALSE,TRUE,0,No
1535,1607937427737:5ed2f6e6-6e59-44f2-bf55-f61369961472,1607937427737:b2dac2e0-11e1-4d97-ba3b-276fe69de78a,0,True,EmptyObject,FALSE,FALSE,TRUE,0,No
1539,1607937427737:1280b249-9b37-4cfa-af70-4a01dd087636,1607937427737:21c4b2a5-192b-4edb-8206-a4cfad510573,0,True,EmptyObject,FALSE,FALSE,TRUE,0,No
1542,1607937427736:7d757839-8e19-4bf6-9e0a-94f4f530d49d,1607937427736:befc9d9b-12c5-4d29-b117-802ad43b0be7,0,True,EmptyObject,FALSE,FALSE,TRUE,0,No
1544,1607937427736:7a62132a-007a-4f07-b769-2a436becce35,1607937427736:17a8c042-448f-429c-b8f6-7dde7492f3b2,0,True,EmptyObject,FALSE,FALSE,TRUE,0,No
1549,1607937427736:055ef715-3b41-454f-b078-22f9cf1557e8,1607937427736:f3ad621b-fd88-462a-80f0-099b450b3234,0,True,EmptyObject,FALSE,FALSE,TRUE,0,No
1555,1607937427735:affb04b0-f10a-4b63-8613-a9743a50001c,1607937427735:5aa4423f-98d8-45f5-8bbd-5cff40b5ca67,0,True,EmptyObject,FALSE,FALSE,TRUE,0,No
1559,1607937427735:3478bfa8-40fa-42f3-bcdc-4c5ea851c993,1607937427735:65541cbf-a185-4592-a95e-a9a074e92e78,0,True,EmptyObject,FALSE,FALSE,TRUE,0,No
1561,1607937427735:00a21271-fb26-48e4-bc70-0b026599e2a6,1607937427735:3249a8a6-84a3-4df0-9aeb-9c00cc8cde19,0,True,EmptyObject,FALSE,FALSE,TRUE,0,No
1565,1607937427734:b0a5b1c2-d0ef-45f1-bccf-2aad11c4c70d,1607937427734:05172d18-3bdd-4c3c-96eb-7a9c4a10de61,0,True,EmptyObject,FALSE,FALSE,TRUE,0,No
1568,1607937427734:066dcf22-289c-4782-b692-ebad33d40d96,1607937427734:fb34fe3a-ab05-4b9a-be31-4a798b521287,0,True,EmptyObject,FALSE,FALSE,TRUE,0,No
1572,1607937427733:c315879b-1708-4553-9a41-0596f956687d,1607937427733:d5a193ba-8096-4b7f-a62d-cf9f065185e7,0,True,EmptyObject,FALSE,FALSE,TRUE,0,No
1580,1607937427732:614486bf-63d4-47c7-ba90-7db1fb69eb63,1607937427732:f5a84be5-4c43-468a-8aaa-7fe56017211d,0,True,EmptyObject,FALSE,FALSE,TRUE,0,No
1582,1607937427731:f367afdc-e60b-42aa-b243-20899e834cb2,1607937427731:fad5788f-fd2b-44ff-9b1c-0be8e568c27a,0,True,EmptyObject,FALSE,FALSE,TRUE,0,No
1585,1607937427731:c1b1092e-3aae-405e-9419-ae415e0a8876,1607937427731:2c7afbe6-b89c-4a75-8d9a-219c1955cdd2,0,True,EmptyObject,FALSE,FALSE,TRUE,0,No
1589,1607937427730:d05b11bd-49d9-4cc8-b009-fc3d02b29359,1607937427730:4e3e051f-ccbc-4716-bb06-4b23eec02900,0,True,EmptyObject,FALSE,FALSE,TRUE,0,No
1591,1607937427730:ba8431ad-ea11-4b9e-bacc-28c90d745b05,1607937427730:cf0c6c71-60b3-429e-ac1a-842c52beb05a,0,True,EmptyObject,FALSE,FALSE,TRUE,0,No
1596,1607937427729:b4bf9d4a-5580-4d3e-9cdf-c0f0c98a3b2d,1607937427729:32b96d4b-ff06-4db6-980c-bdf5e9e8487b,0,True,EmptyObject,FALSE,FALSE,TRUE,0,No
1601,1607937427729:1020d63e-f346-4430-b217-2cee5d0470da,1607937427729:08cf74d4-1208-4d38-88bb-3605210d6359,0,True,EmptyObject,FALSE,FALSE,TRUE,0,No
1607,1607937427728:03fd0801-cb16-4e29-b8fb-6d6c39ee3378,1607937427728:85627342-e0d9-40c0-8c3a-26dc30074100,0,True,EmptyObject,FALSE,FALSE,TRUE,0,No
1628,1607937427724:cfe14fd2-eb83-4344-899a-68e954144787,1607937427724:a11d3de1-7d39-4111-918a-bf660fef561a,0,True,EmptyObject,FALSE,FALSE,TRUE,0,No
1631,1607937427724:a1fe144d-05c6-4f12-8a2e-4291b203efb6,1607937427724:fa772139-6c53-4fd2-a6f2-ab475762fc70,0,True,EmptyObject,FALSE,FALSE,TRUE,0,No
1636,1607937427723:c4431a79-e8ce-4ca9-9356-f94e485823b3,1607937427723:d95f7cd1-a291-4e77-9db1-abf6d45917b7,0,True,EmptyObject,FALSE,FALSE,TRUE,0,No
1644,1607937427722:c1f3ac19-a009-4f99-b46e-8a4d938c1c53,1607937427722:c737f8e8-52d8-4db4-88ea-447ab15180ce,0,True,EmptyObject,FALSE,FALSE,TRUE,0,No
1656,1607937427720:42f4b9be-3539-47c9-9584-694f5dcbe771,1607937427720:a7d95950-200d-4af9-9ab4-0a24066987b5,0,True,EmptyObject,FALSE,FALSE,TRUE,0,No
1659,1607937427719:d80e0ab3-7fdd-4bb4-8f84-83fe946f7498,1607937427719:6b7f52c6-f365-490c-b38f-e750e84180ce,0,True,EmptyObject,FALSE,FALSE,TRUE,0,No
1661,1607937427719:9ae17004-bc64-4d88-b447-a26684d4a13e,1607937427719:fea16338-b0b9-485e-a6ac-e9b147662dda,0,True,EmptyObject,FALSE,FALSE,TRUE,0,No
1663,1607937427719:3110d45a-e03c-4435-b5d7-9d2daa56f5d2,1607937427719:59758a1f-f108-4082-be79-50978437e0a3,0,True,EmptyObject,FALSE,FALSE,TRUE,0,No
1668,1607937427718:b3ae6741-7165-4755-ab82-4a3f44924887,1607937427718:59c54fb5-adb5-43b1-8cf5-1c34076dd28f,0,True,EmptyObject,FALSE,FALSE,TRUE,0,No
1671,1607937427718:a3d9072f-e4e2-4fad-a346-06e30a9060a2,1607937427718:cf36e349-8800-436c-bcd1-9e13c251d517,0,True,EmptyObject,FALSE,FALSE,TRUE,0,No
1676,1607937427718:1b10c054-9947-4077-b4fe-882029837b3a,1607937427718:03855425-fe5a-48f0-a76c-a94cc1e1b85f,0,True,EmptyObject,FALSE,FALSE,TRUE,0,No
1680,1607937427717:e4e25a5d-d656-4b59-a553-fa5f46ebe201,1607937427717:339745bf-9602-431f-a8e3-19bb972e0674,0,True,EmptyObject,FALSE,FALSE,TRUE,0,No
1682,1607937427717:a60cd401-8f0b-4c7e-8b2b-8263e565ca78,1607937427717:13e750f0-5aab-4f0e-b1b2-cfd71429c4a4,0,True,EmptyObject,FALSE,FALSE,TRUE,0,No
1687,1607937427717:14fd39e0-ce69-4740-b50f-56a6382e8bb2,1607937427717:945a4107-7145-4ac9-ba92-80433ab85ef8,0,True,EmptyObject,FALSE,FALSE,TRUE,0,No
1699,1607937427715:c7bb809a-58a2-460a-be59-1f6e99dbd56b,1607937427715:cb397888-3e29-46fb-9efa-32d89f9a68ea,0,True,EmptyObject,FALSE,FALSE,TRUE,0,No
1701,1607937427715:9c410a07-014e-47f6-b46c-e44ba2510032,1607937427715:cde7010c-f637-49a5-8b12-b2dc1a888cd0,0,True,EmptyObject,FALSE,FALSE,TRUE,0,No
1703,1607937427715:5d8ec70a-4277-4d51-b16f-91f66ec28bc2,1607937427715:64559c72-4b0d-49da-88a1-a98d3f4368fc,0,True,EmptyObject,FALSE,FALSE,TRUE,0,No
1706,1607937427714:8022fac1-be2f-4035-8dce-9b7ef7c6ead7,1607937427714:fe7a0b56-eb3b-4913-9054-a07dc4c86949,0,True,EmptyObject,FALSE,FALSE,TRUE,0,No
1708,1607937427714:5e648f51-b80f-4494-b362-50c85829334e,1607937427714:38d394a2-2139-433b-aba9-be6b31885771,0,True,EmptyObject,FALSE,FALSE,TRUE,0,No
1713,1607937427714:19eecffe-8fbb-4224-9451-10a45eee15a0,1607937427714:8ec4c9db-fed1-46c2-8089-08de28412b81,0,True,EmptyObject,FALSE,FALSE,TRUE,0,No
1716,1607937427713:df792156-a4c3-4ae3-ae3c-4eb00c3ed6af,1607937427713:8689637a-f5f5-4089-8bb7-ea8634d54ebc,0,True,EmptyObject,FALSE,FALSE,TRUE,0,No
1726,1607937427712:6330bb30-499e-41e0-9e76-cdd671dc117e,1607937427712:fbbab443-9211-4c66-8fb7-e2995a9f8c27,0,True,EmptyObject,FALSE,FALSE,TRUE,0,No
1728,1607937427712:512345ed-1353-4c2f-abd7-cdebbdb432ea,1607937427712:ec526a32-0ff4-4b96-b6f7-f8d8df21e3f2,0,True,EmptyObject,FALSE,FALSE,TRUE,0,No
1730,1607937427711:8c7fc57c-0eb8-4f1d-a702-5f12fd29ce43,1607937427711:5deb590a-b787-4bd3-b582-f394f382db76,0,True,EmptyObject,FALSE,FALSE,TRUE,0,No
1737,1607937427710:cc7c43a1-875c-4a1d-b121-bba1c721208c,1607937427710:aea137b8-ff3c-462c-b2d0-82c0a837788f,0,True,EmptyObject,FALSE,FALSE,TRUE,0,No
1740,1607937427710:884611cb-cbc3-4d55-b2b4-13bb82963248,1607937427711:00b3f6aa-0b18-4c74-916a-33b50519cf61,0,True,EmptyObject,FALSE,FALSE,TRUE,0,No
1742,1607937427710:51c076dc-f628-43d2-8d42-ddcbb9b7bea9,1607937427710:b7af15d6-4ae7-430b-bb68-ea3a66a41c1a,0,True,EmptyObject,FALSE,FALSE,TRUE,0,No
1747,1607937427709:b83871b2-e242-4f5d-9712-09e8df1f1783,1607937427709:77c5e7cf-0293-42d9-a968-5a3976a62cfc,0,True,EmptyObject,FALSE,FALSE,TRUE,0,No
1766,1607937427707:22836c28-0ff7-4dc3-a399-ea27a291b800,1607937427707:26027701-2b46-455b-9834-bba2fca12b7a,0,True,EmptyObject,FALSE,FALSE,TRUE,0,No
1771,1607937427706:89e68eda-08b8-46a7-adf3-940340392082,1607937427706:4dba657c-ca6a-4aa1-83a5-5ff37ace08bb,0,True,EmptyObject,FALSE,FALSE,TRUE,0,No
1775,1607937427706:141139c9-8a59-4559-a6d3-f2cc7def31d5,1607937427706:5053ce4c-6551-4157-80ff-e4dbc6944e8d,0,True,EmptyObject,FALSE,FALSE,TRUE,0,No
1778,1607937427705:d80d01b3-91b3-4ac8-a83a-1b284111791b,1607937427705:b91a6349-b17f-4d14-84b5-d8475f3a357f,0,True,EmptyObject,FALSE,FALSE,TRUE,0,No
1781,1607937427705:513a85b8-6c41-405d-a630-8dfaeceac356,1607937427705:b768f45f-0371-4321-9ab2-c867b6752e46,0,True,EmptyObject,FALSE,FALSE,TRUE,0,No
1788,1607937427704:41f2e992-a7bf-4cdd-b8ac-2600cd508cbd,1607937427704:6496523e-f569-482b-8765-97c42dcadb7c,0,True,EmptyObject,FALSE,FALSE,TRUE,0,No
1790,1607937427703:dd4cda15-4f12-4b3c-8568-8f24f3412f19,1607937427703:387a2861-f3dd-4fe2-be63-c9900deb4e8a,0,True,EmptyObject,FALSE,FALSE,TRUE,0,No
1793,1607937427703:4f837f4a-ed32-40b0-b040-efb02934084f,1607937427703:cdd727a5-d7b1-4d4a-8bdc-fe062e1350dc,0,True,EmptyObject,FALSE,FALSE,TRUE,0,No
1802,1607937427701:a982daed-111c-4455-96d6-c0dd2836e194,1607937427701:c01e2fe5-1e2f-4179-8808-41ad8fe8a582,0,True,EmptyObject,FALSE,FALSE,TRUE,0,No
1804,1607937427701:795908f3-653d-4bfd-aaac-71d8e2dec038,1607937427701:fdd67bb3-5a04-4a7c-9763-2c017e4b255f,0,True,EmptyObject,FALSE,FALSE,TRUE,0,No
1806,1607937427701:621952c4-697d-4a39-8648-6287bba61a61,1607937427701:40ba604e-6bd9-4fed-a444-e08861a28b86,0,True,EmptyObject,FALSE,FALSE,TRUE,0,No
1816,1607937427699:8d615227-a353-46bf-b73e-4924576220cf,1607937427699:89a0a3ee-20e6-4bc7-b9cb-6aeb10b92f55,0,True,EmptyObject,FALSE,FALSE,TRUE,0,No
1818,1607937427699:65e76a1b-75c9-4209-b8c2-90c5aee91a52,1607937427699:8b50304b-b470-4a7e-a77a-2ed784c1f166,0,True,EmptyObject,FALSE,FALSE,TRUE,0,No
1836,1607937427696:4c156ed5-2d09-4e09-944b-3050a1b47519,1607937427696:67394513-23fc-4c5c-b2fe-7eab2a205ffd,0,True,EmptyObject,FALSE,FALSE,TRUE,0,No
1842,1607937427695:3dd05d63-30e2-44d4-9308-578b3b6dfd88,1607937427695:bd9fa702-d0c0-430a-9204-27085f03ff8e,0,True,EmptyObject,FALSE,FALSE,TRUE,0,No
1848,1607937427694:ad520ca0-ac50-4c0f-a266-ea516575f183,1607937427694:ae41385c-8321-409c-88fc-23e91ccca16e,0,True,EmptyObject,FALSE,FALSE,TRUE,0,No
1860,1607937427692:c0707299-f84d-48eb-bdbf-c31880a3d411,1607937427692:14171712-e19b-4251-8910-f8a004759098,0,True,EmptyObject,FALSE,FALSE,TRUE,0,No
1863,1607937427692:40fe012a-042b-48f9-85e2-b13592001ae9,1607937427692:70286f07-7f74-4523-b67c-63cff4f13d15,0,True,EmptyObject,FALSE,FALSE,TRUE,0,No
1866,1607937427692:2c09a273-d0a9-4651-bdce-d59d729cd3a9,1607937427692:8ba3e26d-a358-4dff-adae-e61f23f7f58e,0,True,EmptyObject,FALSE,FALSE,TRUE,0,No
1875,1607937427690:83b5120a-287a-4b81-93cd-f76b636711b7,1607937427690:8aa5891a-7d65-47b7-91d3-a587bda19a96,0,True,EmptyObject,FALSE,FALSE,TRUE,0,No
1890,1607937427688:77d99854-4e71-4d62-a4f4-8eec1c4c714d,1607937427688:655761cf-f2c5-4382-82ca-3e72db412a5c,0,True,EmptyObject,FALSE,FALSE,TRUE,0,No
1898,1607937427687:6a700646-0b9a-4324-9af6-03cb7693b560,1607937427687:e38b19ef-0f51-4f3f-9357-e4786fded4d0,0,True,EmptyObject,FALSE,FALSE,TRUE,0,No
1901,1607937427686:a1b3a693-4e0f-4e8e-9b0b-420d31141a5c,1607937427686:94411554-38e8-4e94-a472-f9bf0b159b8f,0,True,EmptyObject,FALSE,FALSE,TRUE,0,No
1905,1607937427686:66ccd0b2-55d5-46f0-a56c-5b16b740a99b,1607937427686:cdd8f7c4-f8a9-4714-8ab2-93a8012a5eb4,0,True,EmptyObject,FALSE,FALSE,TRUE,0,No
1909,1607937427685:8cba944e-2f96-4e36-b35a-8b7a70bd759c,1607937427685:ad8a75b8-9ebf-41a4-9bcb-1173ff4e763d,0,True,EmptyObject,FALSE,FALSE,TRUE,0,No
1941,1607937427680:a56f40d8-399f-46e8-8e24-5bbee6aaa00d,1607937427680:d3e63ab5-fb23-4ff7-9ed5-34c02fb440f4,0,True,EmptyObject,FALSE,FALSE,TRUE,0,No
1943,1607937427680:599ecbce-81e0-4178-8740-6c7769820c60,1607937427680:6a525c19-4c90-4851-8680-c935e4afa2c5,0,True,EmptyObject,FALSE,FALSE,TRUE,0,No
1945,1607937427680:5195fecb-ffc4-4490-bf56-e87f6d3606da,1607937427680:8333ea1b-84c5-4961-b6c8-41b8c64da46a,0,True,EmptyObject,FALSE,FALSE,TRUE,0,No
1947,1607937427680:34bd3ece-1737-4b5a-80d4-487f3fa47385,1607937427680:65ec7226-3ebc-4b32-b7a3-5ff4dda2fa09,0,True,EmptyObject,FALSE,FALSE,TRUE,0,No
1949,1607937427680:27920244-806e-46d0-8edd-4ad6d3fbcf92,1607937427680:4e5d64e9-ccf1-4a6b-b915-099094e263a7,0,True,EmptyObject,FALSE,FALSE,TRUE,0,No
1955,1607937427679:6f557d56-6479-414e-bb58-7015b7b27364,1607937427679:8da945db-c76c-4b01-b48b-f2f5e673a83c,0,True,EmptyObject,FALSE,FALSE,TRUE,0,No
1957,1607937427678:decc3126-9e7a-4340-887c-6a643188a314,1607937427678:f1ed2976-fa4e-4736-8355-d594cbc09d20,0,True,EmptyObject,FALSE,FALSE,TRUE,0,No
1974,1607937427676:67c9d271-b406-4afe-8751-b075040b0b1f,1607937427676:59790bc3-62a0-4249-b56b-1d1db6403c0c,0,True,EmptyObject,FALSE,FALSE,TRUE,0,No
1978,1607937427675:3a2a6b6b-1b52-472b-8729-6e14f3acc30e,1607937427675:e4021df6-6ba2-465a-be9b-a8e4c332440f,0,True,EmptyObject,FALSE,FALSE,TRUE,0,No
1984,1607937427674:2c25a533-ee8d-4a7f-90cd-97d49402ac72,1607937427674:19d6823f-411c-4299-ab32-a015db4008b1,0,True,EmptyObject,FALSE,FALSE,TRUE,0,No
1991,1607937427672:aba9f5fa-64f9-4591-a83f-f929baa3d464,1607937427672:876ed008-650a-4b8e-bc23-ee31cd41cb57,0,True,EmptyObject,FALSE,FALSE,TRUE,0,No
2001,1607937427668:1d1211f6-4b02-4c96-bcfe-f155bb54c97a,1607937427668:0bd6db12-76d0-45f2-ae90-8429bc7a6536,0,True,EmptyObject,FALSE,FALSE,TRUE,0,No
2005,1607937427667:d97a2ef8-d2ad-4402-a4e2-706b24821e25,1607937427667:8cdd0572-b610-443e-8938-2155926dcc96,0,True,EmptyObject,FALSE,FALSE,TRUE,0,No
2010,1607937427666:c2ad82d6-ae61-4d7b-b700-c50bf5328be2,1607937427666:ceb82fee-1f8d-4b7d-89d1-e970e0e20163,0,True,EmptyObject,FALSE,FALSE,TRUE,0,No
2016,1607937427665:cefc42fb-f665-45d8-b18a-82f5e006cd7d,1607937427665:6c3a64a2-d3c9-40d3-abcd-3be53d8a88dc,0,True,EmptyObject,FALSE,FALSE,TRUE,0,No
2021,1607937427665:4f085ae6-33dd-4f0d-a386-6d819d98543e,1607937427665:99a52560-dfaa-43a1-aa0b-1cde34c8d751,0,True,EmptyObject,FALSE,FALSE,TRUE,0,No
2023,1607937427665:2a47f6f8-4488-4091-a7db-df047255ae88,1607937427665:ce935401-0ea4-4f72-97ab-017db27467ee,0,True,EmptyObject,FALSE,FALSE,TRUE,0,No
2029,1607937427664:91d542b2-ef90-4496-9be1-12aeab79a2cf,1607937427664:1d006338-37e7-4cf4-bd5e-7851a7a4f014,0,True,EmptyObject,FALSE,FALSE,TRUE,0,No
2032,1607937427663:4c562f15-bf21-49b6-a0e8-63e83903b3aa,1607937427663:8055a2ac-41e3-48b5-90f5-fc85528ceca0,0,True,EmptyObject,FALSE,FALSE,TRUE,0,No
2036,1607937427663:41396fee-fad6-474a-8aad-036e9d723500,1607937427663:34398761-ac01-4855-86fb-5c037610de51,0,True,EmptyObject,FALSE,FALSE,TRUE,0,No
2053,1607937427661:4cabcda9-1b9b-4ff0-86d4-81fc0dec1dd9,1607937427661:a38472f8-dd88-4bba-89f8-3b0735be17e3,0,True,EmptyObject,FALSE,FALSE,TRUE,0,No
2063,1607937427659:e9479e70-24cd-4d6d-911f-c6b6ae32d599,1607937427659:69877c5a-3b7d-4ab1-99e0-b21f1866bd51,0,True,EmptyObject,FALSE,FALSE,TRUE,0,No
2065,1607937427659:9ad77acb-bc80-4481-b4a8-bfdea849f71a,1607937427659:277fcd7c-1fd3-4317-8f93-8656100ed6ea,0,True,EmptyObject,FALSE,FALSE,TRUE,0,No
2068,1607937427659:4c57c826-a918-4dc9-a902-710088aa90bb,1607937427659:f73ef49b-74e9-41e9-858e-5ef7bc4e3c0b,0,True,EmptyObject,FALSE,FALSE,TRUE,0,No
2072,1607937427658:eef3a448-5107-477e-aef4-2b0dd4a344f2,1607937427658:b1d89726-db97-4b59-a6f5-ceb40a5326ef,0,True,EmptyObject,FALSE,FALSE,TRUE,0,No
2077,1607937427658:29359e33-9f29-453d-bd67-431942111332,1607937427658:e984845e-045c-48d8-9c21-0dc28feb78a8,0,True,EmptyObject,FALSE,FALSE,TRUE,0,No
2081,1607937427657:8ab63a8d-062b-45b5-85b6-ea0e97a54e99,1607937427657:37d618f8-c06f-4d40-9d90-c5fa9d856092,0,True,EmptyObject,FALSE,FALSE,TRUE,0,No
2097,1607937427655:688ec325-2549-4b2a-840c-5e6a115960e7,1607937427655:72e29f34-c24b-4b24-9799-8f745a269c35,0,True,EmptyObject,FALSE,FALSE,TRUE,0,No
2105,1607937427654:bc9d541d-7eab-4f80-b885-16f635037370,1607937427654:37970748-bdec-4df0-b548-a3e81edbd28d,0,True,EmptyObject,FALSE,FALSE,TRUE,0,No
2110,1607937427654:28d6ee4d-ac13-463a-b521-4be6514f7afd,1607937427654:043425b4-85ee-4eec-8c14-2bf2790351fe,0,True,EmptyObject,FALSE,FALSE,TRUE,0,No
2112,1607937427653:c49e4aa9-0759-4f42-8a3e-3cace118465f,1607937427653:58bbc85c-e1db-4802-8902-79485e772b33,0,True,EmptyObject,FALSE,FALSE,TRUE,0,No
2127,1607937427651:57dc4709-25e2-4e12-b07c-84cb8688c672,1607937427651:2a0e636e-706a-43a2-b351-222f709433d1,0,True,EmptyObject,FALSE,FALSE,TRUE,0,No
2131,1607937427651:0f923797-7df1-4e47-a4a1-6f3fd888f435,1607937427651:66072074-94db-4b14-b9e7-15cb282a6917,0,True,EmptyObject,FALSE,FALSE,TRUE,0,No
2136,1607937427650:8f0cf20c-b27d-41ca-bb7d-76e7d46e2556,1607937427650:718704e1-9a58-44f7-a8e8-29e6afdaa479,0,True,EmptyObject,FALSE,FALSE,TRUE,0,No
2138,1607937427650:843eb366-969f-43b7-a7fb-1cbcc522a140,1607937427650:e21120ff-8c0a-40a9-b3e7-a6ea88a092f4,0,True,EmptyObject,FALSE,FALSE,TRUE,0,No
2142,1607937427649:f00cc3ee-3527-4507-9868-f97da6c950b7,1607937427649:79a91046-e89f-4b19-9817-c92a7375c98e,0,True,EmptyObject,FALSE,FALSE,TRUE,0,No
2144,1607937427649:cfdc7abf-1b94-4cdb-a34e-82a815e5926a,1607937427649:de8b4d58-8045-4fbf-a588-e5d1ba060cec,0,True,EmptyObject,FALSE,FALSE,TRUE,0,No
2150,1607937427648:69e385e0-8ffc-4b7d-b134-1c8a8f4a4ce7,1607937427648:5a6d089f-e64f-45aa-893f-01627a8884ae,0,True,EmptyObject,FALSE,FALSE,TRUE,0,No
2152,1607937427648:11e3deca-9f39-433f-af5d-567291f02ff3,1607937427648:395d53f3-dda2-4cb9-805f-52ae9ccea6d1,0,True,EmptyObject,FALSE,FALSE,TRUE,0,No
2162,1607937427646:bcadd131-d8d8-4a1c-b4b9-18ac02b4ef20,1607937427646:9af22f61-bd1e-474e-814d-6de4ee5fa7f7,0,True,EmptyObject,FALSE,FALSE,TRUE,0,No
2165,1607937427646:8e1f7975-f8c3-4f0a-b9a8-7a35c4af7571,1607937427646:cc9a63ef-92e8-42fb-90a1-0cbc132772da,0,True,EmptyObject,FALSE,FALSE,TRUE,0,No
2167,1607937427646:7b6efa75-c971-4b8f-899e-7f6a0e585ab8,1607937427646:048751bb-61b7-4469-9b51-d8e3a341e8fb,0,True,EmptyObject,FALSE,FALSE,TRUE,0,No
2173,1607937427645:d42631eb-a9e9-415c-b0ac-80395754a1c2,1607937427645:6045f35b-720f-45f6-a9fa-6a7544089a3e,0,True,EmptyObject,FALSE,FALSE,TRUE,0,No
2181,1607937427644:cd250b0b-c593-4311-b27e-f4baf625c010,1607937427644:f11e3ad6-3d2d-4d8b-881a-b196e4322e4d,0,True,EmptyObject,FALSE,FALSE,TRUE,0,No
2183,1607937427644:c933ed66-d967-4990-bd6a-8f742a1162fc,1607937427644:1dd5b4b9-072e-4933-956a-d556be821be0,0,True,EmptyObject,FALSE,FALSE,TRUE,0,No
2189,1607937427644:006fc7cd-7fed-4940-9319-96476d4db333,1607937427644:fb18b4ee-ae20-47f5-b60a-405ff9534461,0,True,EmptyObject,FALSE,FALSE,TRUE,0,No
2198,1607937427642:f96c8480-7fee-4715-a88c-28062a64c93b,1607937427642:9e66a1f1-3fd6-4d69-b824-0447b3be34f1,0,True,EmptyObject,FALSE,FALSE,TRUE,0,No
2202,1607937427642:953a2bd9-ede4-42e7-abf2-41a197498e22,1607937427642:04a2ec41-2c07-401b-972d-313064387bb8,0,True,EmptyObject,FALSE,FALSE,TRUE,0,No
2204,1607937427642:6b103b1c-42e9-42df-a57f-62e47157f06b,1607937427643:aa98b719-4bd7-43f5-aed0-efa372da9b9a,0,True,EmptyObject,FALSE,FALSE,TRUE,0,No
2210,1607937427641:61992523-9a3c-453a-a4f6-653120421047,1607937427641:ca95a8b1-08ef-49db-8970-2bea6a1399a9,0,True,EmptyObject,FALSE,FALSE,TRUE,0,No
2213,1607937427641:2f3a89af-a59f-4547-bdb7-38e42096cfb7,1607937427641:dd45540a-2593-4d7e-abba-94b7c49f7078,0,True,EmptyObject,FALSE,FALSE,TRUE,0,No
2215,1607937427640:f7311e70-8855-49a5-ad70-0d80dda59f68,1607937427640:256a0cfa-2926-4ced-b200-a1ed3ba94dd7,0,True,EmptyObject,FALSE,FALSE,TRUE,0,No
2219,1607937427640:6cf4d504-3597-4373-800e-8c919f2ba041,1607937427640:2c9b6874-ae2b-42e3-b602-d6d5d226552c,0,True,EmptyObject,FALSE,FALSE,TRUE,0,No
2221,1607937427639:fc213e8b-b348-4a8e-8162-50c10a8bb948,1607937427639:97a6617c-f712-4a21-8391-8be906601c68,0,True,EmptyObject,FALSE,FALSE,TRUE,0,No
2223,1607937427639:c127bbc2-2dac-45a9-ade0-bf9029539391,1607937427639:9ea1aac0-e65b-4b37-9547-6ff7e671adf7,0,True,EmptyObject,FALSE,FALSE,TRUE,0,No
2227,1607937427639:3781bfd8-22b7-40e3-a8d7-71e7728b57e2,1607937427639:872f6d97-a585-408b-8af4-06b472090fe2,0,True,EmptyObject,FALSE,FALSE,TRUE,0,No
2229,1607937427639:2d0bb5c8-1142-47b2-a4fc-c20f2965cf36,1607937427639:be5d150d-1f20-4492-b5ff-842eef7a8002,0,True,EmptyObject,FALSE,FALSE,TRUE,0,No
2234,1607937427638:c151362e-1eb0-4e50-b716-b483f4da14af,1607937427638:41f69730-69ca-442e-82ad-bf9887d09c08,0,True,EmptyObject,FALSE,FALSE,TRUE,0,No
2238,1607937427637:b7c172db-ef25-4242-945e-15402f864ed8,1607937427637:8bbf9529-378a-418c-ac9a-3e1a4a64ee10,0,True,EmptyObject,FALSE,FALSE,TRUE,0,No
2256,1607937427634:6a6b7b61-ff4f-4a02-81e6-382e980c9985,1607937427634:e4fdb164-6f26-4be6-a060-769a12c9db35,0,True,EmptyObject,FALSE,FALSE,TRUE,0,No
2258,1607937427634:5619f8f6-d62a-4d1c-8430-03f178aa7448,1607937427634:7ffbffae-36ec-4239-9c40-03dc90e0f8b2,0,True,EmptyObject,FALSE,FALSE,TRUE,0,No
2261,1607937427633:e46b6f95-61b6-40bf-8f53-a8497828f326,1607937427633:05784920-3643-4877-99ca-511addb350ce,0,True,EmptyObject,FALSE,FALSE,TRUE,0,No
2266,1607937427632:ef0bd985-d47f-47cb-a73e-81ac93679889,1607937427632:f49b22aa-29e6-4769-a39f-33421a291cf7,0,True,EmptyObject,FALSE,FALSE,TRUE,0,No
2274,1607937427631:9970fbbe-c972-48cd-b44a-34c43dca42de,1607937427631:cc3165aa-2409-416f-8e6d-a7a7c57d6dff,0,True,EmptyObject,FALSE,FALSE,TRUE,0,No
2282,1607937427629:d3a8dd90-d313-4b2e-89c5-9da1923f7366,1607937427629:af0f3141-b94a-4353-8c74-971f8c550875,0,True,EmptyObject,FALSE,FALSE,TRUE,0,No
2283,1607937427629:d3a8dd90-d313-4b2e-89c5-9da1923f7366,1607937427629:af0f3141-b94a-4353-8c74-971f8c550875,0,True,EmptyObject,FALSE,FALSE,TRUE,0,No
2284,1607937427629:d3a8dd90-d313-4b2e-89c5-9da1923f7366,1607937427629:af0f3141-b94a-4353-8c74-971f8c550875,0,True,EmptyObject,FALSE,FALSE,TRUE,0,No
2287,1607937427629:6c87222b-5e1f-4036-90e6-e4ff49faa20e,1607937427629:6a4d191d-ae84-4b47-90ad-0b758e5f9da6,0,True,EmptyObject,FALSE,FALSE,TRUE,0,No
2292,1607937427628:a3a89d0a-3c10-4fa5-afe9-741950fb7513,1607937427628:2d360f18-21b6-4cf7-84bc-d1abf9c9b221,0,True,EmptyObject,FALSE,FALSE,TRUE,0,No
2298,1607937427627:bc37855e-c112-4664-9100-539f552c183e,1607937427627:0298fb10-bb83-463d-825b-e6d14669bd57,0,True,EmptyObject,FALSE,FALSE,TRUE,0,No
2309,1607937427625:358b52ae-823f-44c4-89c0-53fc85d46e58,1607937427625:079cb7fe-e8f2-4ce5-b614-9fe319409c14,0,True,EmptyObject,FALSE,FALSE,TRUE,0,No
2312,1607937427624:ef75e0f0-6c15-4196-b4cf-990c00182f13,1607937427624:18e054b0-a136-4ac7-8c5f-5918a533412d,0,True,EmptyObject,FALSE,FALSE,TRUE,0,No
2314,1607937427624:9ddbf06d-b2a8-4ee4-bcc0-96ba4c9099d8,1607937427624:0f9b8db1-03d6-406f-b776-d6b13302ca3f,0,True,EmptyObject,FALSE,FALSE,TRUE,0,No
2318,1607937427623:a39d0930-b1ca-46ec-8dec-4ed17bb96371,1607937427623:1638580c-9fbf-4f29-8547-2ab9c4a92854,0,True,EmptyObject,FALSE,FALSE,TRUE,0,No
2327,1607937427621:3a7272aa-c9be-4d86-9300-9df73e753b93,1607937427621:d72dabad-349f-4166-a5d5-9f3dd3416bef,0,True,EmptyObject,FALSE,FALSE,TRUE,0,No
2333,1607937427619:fac73a89-4f71-41cb-9392-de790873e8f4,1607937427619:ba6b3565-359c-4ea9-89a7-acbf23ce0329,0,True,EmptyObject,FALSE,FALSE,TRUE,0,No
2335,1607937427619:f990f88a-b6d4-4044-8a2e-89545cf0fd59,1607937427619:aa0fd00c-e497-4c2d-ac38-709979b9ed88,0,True,EmptyObject,FALSE,FALSE,TRUE,0,No
2337,1607937427619:b932978f-ea82-4114-a4d5-83a3bc85b3c8,1607937427619:dc220529-607d-4143-9b48-b2adffe73fe1,0,True,EmptyObject,FALSE,FALSE,TRUE,0,No
2339,1607937427618:85d645f5-3b4b-4a4e-9442-eeec2db072e5,1607937427618:8fb5a9b5-c6d9-4a50-a138-95267a309b8f,0,True,EmptyObject,FALSE,FALSE,TRUE,0,No
2340,1607937427618:85d645f5-3b4b-4a4e-9442-eeec2db072e5,1607937427618:8fb5a9b5-c6d9-4a50-a138-95267a309b8f,0,True,EmptyObject,FALSE,FALSE,TRUE,0,No
2341,1607937427618:85d645f5-3b4b-4a4e-9442-eeec2db072e5,1607937427618:8fb5a9b5-c6d9-4a50-a138-95267a309b8f,0,True,EmptyObject,FALSE,FALSE,TRUE,0,No
2345,1607937427617:55de2a95-673c-4ce1-947c-766ea3ba29e9,1607937427617:1267b2bc-172f-4d3c-b514-155a62a00f68,0,True,EmptyObject,FALSE,FALSE,TRUE,0,No
2355,1607937427613:6f13806a-53f3-4239-93d6-6c72e0ae6ff4,1607937427613:26246b15-98c2-44da-a1e4-29901a49eebe,0,True,EmptyObject,FALSE,FALSE,TRUE,0,No
2379,1607937427608:e91be8f4-bf31-4eb0-bff5-acff420dd090,1607937427608:1773655c-31d5-4b2a-8887-545385636577,0,True,EmptyObject,FALSE,FALSE,TRUE,0,No
2382,1607937427608:4ef5d4d2-b63b-4177-8007-f290a7073964,1607937427608:130460f5-f403-468c-8b3c-e8633652f3a0,0,True,EmptyObject,FALSE,FALSE,TRUE,0,No
2384,1607937427608:2ba0b199-0235-42a5-8190-c93010791bde,1607937427608:9dc32540-7c82-489f-9662-4755e31d6966,0,True,EmptyObject,FALSE,FALSE,TRUE,0,No
2387,1607937427607:75009283-0a1c-40a4-861d-004a2f374ead,1607937427607:efe8ee18-c4dd-492f-9ca0-1833023396b2,0,True,EmptyObject,FALSE,FALSE,TRUE,0,No
2391,1607937427606:98db33ce-7dda-4f25-91c3-531c0f2a0915,1607937427606:be7e0abd-e442-4539-b135-d1428f5140bd,0,True,EmptyObject,FALSE,FALSE,TRUE,0,No
2409,1607937427603:995a1c77-ba76-463a-9dfa-f6f201fbc32b,1607937427603:16ab7e29-5a69-44ca-a135-9a4f0431a48e,0,True,EmptyObject,FALSE,FALSE,TRUE,0,No
2411,1607937427603:97aa86fa-5de4-4fd2-8db5-a3c1b3e5d6c5,1607937427603:7aa8b274-e7bd-4e3d-8c5a-949c67883f3d,0,True,EmptyObject,FALSE,FALSE,TRUE,0,No
2413,1607937427603:71f11c76-71b6-40d3-b9ef-667758ab198f,1607937427603:8d1a2443-3214-420c-8e67-639bdb12c17e,0,True,EmptyObject,FALSE,FALSE,TRUE,0,No
2415,1607937427603:6bc7f137-8c47-4a10-b2e2-cc907144de54,1607937427603:d3e257a4-238b-4294-af39-760c32e5a7bd,0,True,EmptyObject,FALSE,FALSE,TRUE,0,No
2424,1607937427601:ea7ef243-0561-48cf-85d7-2d7ae583b0e5,1607937427601:765cde98-a854-4741-b024-8e34d904bf09,0,True,EmptyObject,FALSE,FALSE,TRUE,0,No
2436,1607937427599:e73e13a3-cd0e-4f29-9915-66fb0eb8fd47,1607937427599:430d4164-5f64-41fe-acc0-2dc868fc9967,0,True,EmptyObject,FALSE,FALSE,TRUE,0,No
2443,1607937427598:8592c241-6275-4917-8cb7-d24ac28a5e71,1607937427598:a2bc2cef-bb92-44a4-8e98-0460369b29e5,0,True,EmptyObject,FALSE,FALSE,TRUE,0,No
2457,1607937427594:8a692172-4d0c-43dd-82a2-ad5c0e18e033,1607937427594:12ab2666-4df0-41d7-a999-cb0986bf84c4,0,True,EmptyObject,FALSE,FALSE,TRUE,0,No
2461,1607937427593:6c6fc06f-2903-47f7-996a-179842540a74,1607937427593:31ccaad5-57f0-4002-9c98-e4e7a5b9aeb7,0,True,EmptyObject,FALSE,FALSE,TRUE,0,No
2464,1607937427592:f96a638e-fdd8-499e-8481-6c179d1166af,1607937427592:22510542-0d0f-4685-abf3-325f67fdb956,0,True,EmptyObject,FALSE,FALSE,TRUE,0,No
2470,1607937427591:719a8ef1-3c5b-4e3f-b39a-1e5d88822fee,1607937427591:008c47e3-2bd3-4852-b27a-f55faf6b55f0,0,True,EmptyObject,FALSE,FALSE,TRUE,0,No
2476,1607937427590:877f45ed-25a9-49e7-8119-26b98a188981,1607937427590:c185f560-eeff-434a-a8ee-34ed725479ce,0,True,EmptyObject,FALSE,FALSE,TRUE,0,No
2482,1607937427589:2104f9bf-286f-4319-800e-53fe4850729b,1607937427589:b1a60116-039d-418c-b30a-0282581e8de4,0,True,EmptyObject,FALSE,FALSE,TRUE,0,No
2487,1607937427588:09431db0-c68d-44ea-b0bc-0f4549888eb7,1607937427588:10e391ab-7ea5-4824-9302-a7790a55dd3f,0,True,EmptyObject,FALSE,FALSE,TRUE,0,No
2491,1607937427587:98ff5bc7-074b-4fe8-a71a-744c8c6f8298,1607937427587:c0f37fa0-df63-4d75-8fb3-724457ed8fb4,0,True,EmptyObject,FALSE,FALSE,TRUE,0,No
2498,1607937427585:ca8a081a-3445-41bd-9318-ab1e3eb56ef9,1607937427585:5607a893-42e3-4bad-9788-1c286e603391,0,True,EmptyObject,FALSE,FALSE,TRUE,0,No
2503,1607937427584:54a80753-d67b-4ff9-9f01-a48ab600b61a,1607937427585:60493969-9120-4af9-8e95-86925d98ebf2,0,True,EmptyObject,FALSE,FALSE,TRUE,0,No
2510,1607937427582:aedd6424-f9c4-4880-bbf2-7be82ba4735b,1607937427582:106426a0-b99f-4ca1-a7ed-ef444b884426,0,True,EmptyObject,FALSE,FALSE,TRUE,0,No
2518,1607937427580:a67f679c-310e-4e9b-b2b2-ade3b8e6f1d4,1607937427580:2faa7629-f1fc-44a2-a670-369a7d8311b2,0,True,EmptyObject,FALSE,FALSE,TRUE,0,No
2526,1607937427578:efc42eb9-6ce8-4a25-a2c2-44a66d5f8372,1607937427578:85fc56b2-1f0e-4366-9095-4fe33b69d7b2,0,True,EmptyObject,FALSE,FALSE,TRUE,0,No
2528,1607937427578:8dabe894-2490-4445-a5b9-580a5f0ef835,1607937427578:e46e4017-f992-40df-8a6f-2ddd6cd71bdb,0,True,EmptyObject,FALSE,FALSE,TRUE,0,No
2532,1607937427578:21a7ecf2-d6af-4511-b7f8-803e0c977c08,1607937427578:28c87edc-184f-43c6-b5e2-ea62769e5a67,0,True,EmptyObject,FALSE,FALSE,TRUE,0,No
2534,1607937427577:afa8caa2-56b6-441e-8944-a7d938ccfb3a,1607937427577:2ef0b126-ac11-4c3c-803f-a780eda8ee95,0,True,EmptyObject,FALSE,FALSE,TRUE,0,No
2536,1607937427577:167a3aa4-5abd-4fd2-8d18-c7ca62887c90,1607937427577:9bfce9e8-1ba0-4635-a206-48a2f794cebd,0,True,EmptyObject,FALSE,FALSE,TRUE,0,No
2540,1607937427576:c1d83fe3-38e1-4d8f-95d4-edf7be28ff52,1607937427576:333a2335-0e9c-4016-a5a9-851855d08c47,0,True,EmptyObject,FALSE,FALSE,TRUE,0,No
2542,1607937427576:6cbc9087-e7a4-44e2-afea-ceb0d447c49d,1607937427577:5bfb4e59-6ba7-4ec0-9274-0cb2ecd77dc7,0,True,EmptyObject,FALSE,FALSE,TRUE,0,No
2545,1607937427575:e06f3730-3e73-4c4a-8c57-7a58bd3738d3,1607937427575:8b1c758a-94ce-401f-9137-5a57ba72dc87,0,True,EmptyObject,FALSE,FALSE,TRUE,0,No
2548,1607937427575:ddda5313-9e47-4b8d-be0b-2022ac1c9708,1607937427575:63f91b44-b38c-4f1f-85c3-16961738bada,0,True,EmptyObject,FALSE,FALSE,TRUE,0,No
2553,1607937427575:67452072-2882-436e-b4f0-80551989e523,1607937427575:10a42fcc-2419-4dd8-9f4c-eb43dda910b0,0,True,EmptyObject,FALSE,FALSE,TRUE,0,No
2569,1607937427572:6532de34-1917-4f7c-ace2-f830fbed1bbe,1607937427572:ef3ae980-bb3a-4618-83b8-451c5894a275,0,True,EmptyObject,FALSE,FALSE,TRUE,0,No
2571,1607937427572:111910ae-47bd-4c94-95c8-53b8c8a7f46f,1607937427572:a0146396-bca4-4bd3-b40f-86980db9313e,0,True,EmptyObject,FALSE,FALSE,TRUE,0,No
2576,1607937427571:2b9b275e-e6e0-4b10-b165-9abd89cf577f,1607937427571:de92e85d-ae11-48ac-9dec-25e6318950b1,0,True,EmptyObject,FALSE,FALSE,TRUE,0,No
2579,1607937427570:6b7bed39-a874-4d3c-bbd0-4218b2f31a88,1607937427570:421a85ce-3f3b-4911-86a2-a6a1a68dfb0d,0,True,EmptyObject,FALSE,FALSE,TRUE,0,No
2581,1607937427570:5941ccb2-d07c-4876-ba06-69c65f2f7c87,1607937427570:dc13224b-4f5c-49c0-adb0-234552f5c8ed,0,True,EmptyObject,FALSE,FALSE,TRUE,0,No
2597,1607937427565:03bbd5a6-9f04-4927-a9c6-3c5f5c9a0045,1607937427565:1101cf46-7d07-4733-aee7-57e83825e41a,0,True,EmptyObject,FALSE,FALSE,TRUE,0,No
2600,1607937427564:9d1b4526-e13f-4a2c-af1a-d93103b33cdd,1607937427564:d0605544-2621-4eef-bbec-96786e5c139f,0,True,EmptyObject,FALSE,FALSE,TRUE,0,No
2604,1607937427563:e346e174-e9be-4816-bd46-864a47c8f3e6,1607937427563:bd3be019-c4f9-4eff-8d3a-17eb6ec0ab89,0,True,EmptyObject,FALSE,FALSE,TRUE,0,No
2613,1607937427561:7b5e0e75-b8d0-48e0-bb39-afba33f83a7b,1607937427561:cde8868e-4c3f-4531-93ac-062c005be528,0,True,EmptyObject,FALSE,FALSE,TRUE,0,No
2618,1607937427560:59acc5d9-3118-4fb3-8fab-6fc050564a77,1607937427560:7444a15a-e76d-4224-abc4-19a8231210c6,0,True,EmptyObject,FALSE,TRUE,FALSE,0,No
2620,1607937427559:f78e8bbc-032f-49c2-97c6-8f3dbc2d61cd,1607937427559:efe9f589-4729-4066-86c3-2be54a57203b,0,True,EmptyObject,FALSE,FALSE,TRUE,0,No
2628,1607937427558:3c5e7d61-62d1-4c9b-83ec-e38cb7184de9,1607937427558:1a4b6ec2-3f5a-4e72-bfce-196ed4ca19c7,0,True,EmptyObject,FALSE,FALSE,TRUE,0,No
2635,1607937427556:3377f395-90fb-4add-954c-8b7dcf5a846f,1607937427556:9c93a452-b240-4650-babd-b5c427c3a429,0,True,EmptyObject,FALSE,FALSE,TRUE,0,No
2638,1607937427554:617f638a-e433-4f77-9453-e6c2c92882d3,1607937427554:0a759a26-20eb-4cf2-950e-bfe16fd6cb96,0,True,EmptyObject,FALSE,FALSE,TRUE,0,No
2641,1607937427553:6705acc3-cfbf-4056-b997-7e5ef1f0a12c,1607937427553:7704f04b-6d72-4933-94c6-50b1672faffe,0,True,EmptyObject,FALSE,FALSE,TRUE,0,No
2642,1607937427553:6705acc3-cfbf-4056-b997-7e5ef1f0a12c,1607937427553:7704f04b-6d72-4933-94c6-50b1672faffe,0,True,EmptyObject,FALSE,FALSE,TRUE,0,No
2643,1607937427553:6705acc3-cfbf-4056-b997-7e5ef1f0a12c,1607937427553:7704f04b-6d72-4933-94c6-50b1672faffe,0,True,EmptyObject,FALSE,TRUE,FALSE,0,No
2649,1607937427551:aa0bb6df-29e0-4e83-87fc-667013ad586a,1607937427551:941000d2-48d1-458d-826c-d26ff9e1f899,0,True,EmptyObject,FALSE,FALSE,TRUE,0,No
2651,1607937427551:4a853bb9-2458-48a9-8a00-7a304da2832d,1607937427551:5e5ef803-184f-453a-92d2-00e17f854df8,0,True,EmptyObject,FALSE,FALSE,TRUE,0,No
2652,1607937427551:4a853bb9-2458-48a9-8a00-7a304da2832d,1607937427551:5e5ef803-184f-453a-92d2-00e17f854df8,0,True,EmptyObject,FALSE,TRUE,FALSE,0,No
