,testId,instanceId,size,isEmpty,peek_obj_type,push,pop,clear,diff
2,1607938096731:af781a89-9ab1-49b8-a283-89e95aa328ad,1607938096731:e8fa08d7-f907-4788-a47c-15cde001dff6,0,True,EmptyObject,none,none,clear,No
8,1607938096730:d04126c1-3148-456a-809e-d8f3534bcd87,1607938096730:c821494e-d617-4153-80b0-171102a4c7a2,0,True,EmptyObject,none,none,clear,No
10,1607938096730:b3f27d19-efbe-44aa-b119-d6efb98acfdf,1607938096730:36d6cc13-c374-4c8b-bdf7-ae6eb9b61c70,0,True,EmptyObject,none,none,clear,No
14,1607938096730:ab37ef62-bcf7-45db-9d27-baffb7772975,1607938096730:eeddc3a5-7d40-4285-94ef-7f67368e0256,0,True,EmptyObject,none,none,clear,No
17,1607938096730:7a566edf-229a-40ec-8117-294e517c42a9,1607938096730:b8b17be8-87c3-4ca2-b280-004434c068c0,0,True,EmptyObject,none,none,clear,No
30,1607938096728:c9c68b5c-2104-4652-be08-9bde05e61e30,1607938096728:72af9525-2a5d-4c4d-aa85-4645f760c9e8,0,True,EmptyObject,none,none,clear,No
32,1607938096728:c02b6914-81a1-469c-be30-68be8650f27a,1607938096728:a8af0d0a-1379-4a17-9cdb-49520795bac2,0,True,EmptyObject,none,none,clear,No
35,1607938096728:adae01f5-931a-4b71-ae8a-8b94035780d4,1607938096728:77811eb4-fb72-4f7c-af4a-a033c054f4f5,0,True,EmptyObject,none,none,clear,No
44,1607938096728:1e16030e-f745-462c-a129-4c993008c53b,1607938096728:57bcda2a-e226-46c2-86f2-d3351c70d7ce,0,True,EmptyObject,none,none,clear,No
46,1607938096727:f2052c9e-927b-455e-9e4b-2893883e5ec1,1607938096727:c63614da-6b30-4fdd-8cd8-ae873f45f92f,0,True,EmptyObject,none,none,clear,No
49,1607938096727:89388f8e-55d3-4fd3-a6ab-87f66cdfe9cf,1607938096727:059c3632-77d9-4c1b-8a30-064e403f38aa,0,True,EmptyObject,none,none,clear,No
60,1607938096726:c0222265-342e-478c-83fd-7b33d8acf8d5,1607938096726:ee7803d3-fca2-4824-b5c2-744c498a212d,0,True,EmptyObject,none,none,clear,No
67,1607938096726:3a7874e7-b18a-44c8-890c-2f834022bb57,1607938096726:1b380379-074b-4687-b6bd-9338f5df707d,0,True,EmptyObject,none,none,clear,No
83,1607938096725:1dc13a58-7f6a-46af-a87a-c717d01861fe,1607938096725:5a47fb11-1aed-46c5-a702-dca03d607e3b,0,True,EmptyObject,none,none,clear,No
90,1607938096724:7a62b68b-f75c-4eb3-815f-2b004766bf84,1607938096724:8a0338b8-4788-426a-a57d-9ff1f6ee6513,0,True,EmptyObject,none,none,clear,No
94,1607938096724:5e47a1da-6e08-4a37-99db-c1c901937ccd,1607938096724:8af17684-7079-46fa-bde3-6e145346b363,0,True,EmptyObject,none,none,clear,No
97,1607938096724:46bd1046-72cb-4013-b521-40c4e40f79a6,1607938096724:92b37011-377c-4c3c-8455-b3ff495e8dd3,0,True,EmptyObject,none,none,clear,No
101,1607938096723:fabba81e-ea19-4c0c-a106-d25ee7bd8b2c,1607938096723:e84ee739-38a5-4109-86d9-4c8d4d9a98b9,0,True,EmptyObject,none,none,clear,No
113,1607938096723:3cd91d73-7fbe-4b02-a37e-7a74c0310c58,1607938096723:5dd291e5-dd50-4f31-a43b-85a4b4ff35e9,0,True,EmptyObject,none,none,clear,No
116,1607938096722:fa0c4d0c-c258-41ec-8f14-e1dde3d7060c,1607938096722:8ff78239-72d2-453b-960b-fe4ffe8e62ba,0,True,EmptyObject,none,none,clear,No
119,1607938096722:d4cc7aa0-fc7a-4fc2-a900-8282c85514ca,1607938096722:e0850149-c468-48ad-836b-984812739049,0,True,EmptyObject,none,none,clear,No
123,1607938096722:94534c16-a429-43fd-a067-57a21c036642,1607938096722:578a41df-f1a9-4dfd-852c-4e06347212d8,0,True,EmptyObject,none,none,clear,No
125,1607938096722:425657fd-b82a-43ad-9f3e-4d7942c31c66,1607938096722:8c49749a-8e96-414e-ac54-1e6d0d48e0b7,0,True,EmptyObject,none,none,clear,No
130,1607938096722:0585c191-a805-4915-9be4-ccea3f8933ca,1607938096722:ef147c57-16c0-4552-9188-7e381a7c462a,0,True,EmptyObject,none,none,clear,No
133,1607938096721:d2dd52b4-1336-41a1-9eb2-156646eb66e6,1607938096721:170f6d53-ebfb-4612-89ac-145f8050b46b,0,True,EmptyObject,none,none,clear,No
139,1607938096721:49d569dc-bcdc-4cb2-b056-b532428e12c4,1607938096721:b2929bc6-7474-4524-a1bd-c30a8a8d1f07,0,True,EmptyObject,none,none,clear,No
142,1607938096721:24c44d40-0555-4962-b5f9-5c8cc5eb3682,1607938096721:bf942bf1-418a-4056-857f-474aab4c536a,0,True,EmptyObject,none,none,clear,No
144,1607938096721:1a570ce9-9332-40ce-8436-bae83b71c483,1607938096721:920de978-7fee-4890-9703-ec25de59b71f,0,True,EmptyObject,none,none,clear,No
151,1607938096720:57af79cf-70b7-4063-8314-be494adeb299,1607938096720:094e90e8-53be-4a28-b925-f5c7677aa657,0,True,EmptyObject,none,none,clear,No
155,1607938096720:40102c1d-a5cd-4f82-9c2a-e993880a81af,1607938096720:3d2aa36f-2097-4326-825b-00f73d925a29,0,True,EmptyObject,none,none,clear,No
157,1607938096720:197eca52-8ba4-49b8-a163-ce6c5445f3d8,1607938096720:4a4df67c-17fb-4e0d-bf70-f5eeff80e005,0,True,EmptyObject,none,none,clear,No
162,1607938096719:f836d526-4846-482c-95fd-4bacbcfa1398,1607938096719:e4164e64-30c1-4cbb-acee-77ca563c7232,0,True,EmptyObject,none,none,clear,No
167,1607938096719:c5b14fe5-a1a0-4114-86f7-6ac4c84fa34e,1607938096719:4e7593fe-709e-472a-8d8b-4b4517819a6d,0,True,EmptyObject,none,none,clear,No
169,1607938096719:ad605f4e-4c23-493e-b2dc-cb743fb27e7c,1607938096719:567fa78f-e25c-477b-853f-b5f7403ae8b0,0,True,EmptyObject,none,none,clear,No
174,1607938096719:1c2bda7c-6c64-4915-832f-64a506d0ae44,1607938096719:0c2318d4-6667-44c4-9fc4-0a0146f1fea1,0,True,EmptyObject,none,none,clear,No
181,1607938096718:8ad80a03-4564-442e-9633-5d71aeaf65d3,1607938096718:169a044e-fcf5-4f9d-9d65-aab810e2eaa9,0,True,EmptyObject,none,none,clear,No
183,1607938096718:5c570442-3c2b-4a68-8907-001bf1578127,1607938096718:ea8e05b0-417d-4bcf-a3ff-6b4a819adddb,0,True,EmptyObject,none,none,clear,No
185,1607938096718:57123d58-9d8e-474a-ae94-f0b2fc06972a,1607938096718:ebc2f633-d6f3-4aff-ab34-5554f76cb982,0,True,EmptyObject,none,none,clear,No
187,1607938096718:4ea6f777-22fb-459d-b108-7ab7b107c562,1607938096718:b6f8b3b5-2e99-475c-8061-2f9fd41c37b5,0,True,EmptyObject,none,none,clear,No
194,1607938096717:9bc08bb0-394f-4c5f-a25b-258998cc1301,1607938096717:9b04bc67-2329-4300-acbe-ee8d406d5b2f,0,True,EmptyObject,none,none,clear,No
200,1607938096717:4d95c70a-7bf4-4eaf-9c2f-33c5e7878550,1607938096717:2542ba68-5b38-45a2-8ca6-01aad9ff5b27,0,True,EmptyObject,none,none,clear,No
202,1607938096717:1f13f478-bc77-4e3c-a026-bc8e92938508,1607938096717:58d0b62f-fe47-44b7-b33a-78b933c10171,0,True,EmptyObject,none,none,clear,No
205,1607938096717:0277f0d3-1264-433f-8a6d-5eeb29420397,1607938096717:b4cb534d-830d-4cc9-aeae-ac7de46d95fa,0,True,EmptyObject,none,none,clear,No
207,1607938096716:f132b39e-ff85-45ee-b9e4-0d81da1110cb,1607938096717:d00e9c91-0f3c-47cc-aa1c-16121413c994,0,True,EmptyObject,none,none,clear,No
216,1607938096716:56d1dd12-409a-4bd5-94c0-95fd557aecb3,1607938096716:80f52b0f-e0ff-477e-88db-41de92dcf8d0,0,True,EmptyObject,none,none,clear,No
219,1607938096716:3e55396a-c9df-407a-b2c7-34a4df827d56,1607938096716:f54eaa12-f5a8-476b-a784-f6057704f622,0,True,EmptyObject,none,none,clear,No
223,1607938096715:e7742ad8-2fc8-42a7-84b1-8e3889969d04,1607938096715:6ea9851a-c2d8-4f87-9c1e-0ea444279d7e,0,True,EmptyObject,none,none,clear,No
229,1607938096715:76e33ab4-3729-493b-8903-9518ef323637,1607938096715:5daf15df-6a99-4b08-b9e5-125931fd660c,0,True,EmptyObject,none,none,clear,No
234,1607938096715:30bdfc22-d742-4de4-ac06-449928b7e121,1607938096715:825a7941-2022-49ca-80a9-5230ce9a4ac1,0,True,EmptyObject,none,none,clear,No
237,1607938096714:c293a2ab-eb48-4c0c-9c2e-86a6bc97c586,1607938096714:b82e29e6-1248-4d94-b2e8-59ff63b0891b,0,True,EmptyObject,none,none,clear,No
240,1607938096714:8858611a-f62b-45ed-9c79-547e964f5dde,1607938096714:d8705fde-464d-4ef8-b9f0-388fc679d459,0,True,EmptyObject,none,none,clear,No
242,1607938096714:7a5bb914-32aa-44ae-9ae0-c3a40d5c859a,1607938096714:d6e3ee29-f6cd-49b3-8b3f-ac55ccd8a13e,0,True,EmptyObject,none,none,clear,No
244,1607938096714:7a5bb914-32aa-44ae-9ae0-c3a40d5c859a,1607938096714:8ebf79f1-f2e4-4ea1-947d-0cdda223c1c6,0,True,EmptyObject,none,none,clear,No
245,1607938096714:7a5bb914-32aa-44ae-9ae0-c3a40d5c859a,1607938096714:8ebf79f1-f2e4-4ea1-947d-0cdda223c1c6,0,True,EmptyObject,none,none,clear,No
246,1607938096714:7a5bb914-32aa-44ae-9ae0-c3a40d5c859a,1607938096714:8ebf79f1-f2e4-4ea1-947d-0cdda223c1c6,0,True,EmptyObject,none,none,clear,No
252,1607938096714:39798a8d-0610-427f-b678-bfd2ace7d64e,1607938096714:8ae7fa87-edfe-4a97-95e0-d121debbb566,0,True,EmptyObject,none,none,clear,No
257,1607938096713:79b5e884-7c77-43f6-91ec-ffebda95bdb7,1607938096713:65822881-2935-4289-b388-d08068634cb9,0,True,EmptyObject,none,none,clear,No
259,1607938096713:78b79cf6-ed93-42cb-b5ce-e59d03a184cd,1607938096713:65ca16b6-3530-4ca3-84a5-8e17433dd8fd,0,True,EmptyObject,none,none,clear,No
270,1607938096712:e760bb2c-6e49-4105-9f58-e0bbadefafb3,1607938096712:238521e3-a5ed-4e08-866f-e56a6d3a1e55,0,True,EmptyObject,none,none,clear,No
273,1607938096712:d7b4f8c2-cae1-4f10-aac5-41d409b71689,1607938096712:03f2725f-4942-4464-a22b-5881a6f03dfa,0,True,EmptyObject,none,none,clear,No
277,1607938096712:8ffe0d3a-33c9-4b03-8745-307071a2f27d,1607938096712:1899c120-deb4-455c-b2c9-316492560760,0,True,EmptyObject,none,none,clear,No
284,1607938096712:19cdbfba-e65c-4842-a1a5-80b930199e7a,1607938096712:cb8c4914-9428-423b-8ece-ee54952ff0d4,0,True,EmptyObject,none,none,clear,No
288,1607938096711:bcbb2dce-083a-4b2c-a2f0-749a1eec6198,1607938096711:ed38842c-1a39-4135-a8b8-c3c62c760215,0,True,EmptyObject,none,none,clear,No
291,1607938096711:9efb62c6-1b38-4343-b5ce-8dc2ff62fcfe,1607938096711:7d8c59ad-eb41-45c9-90f2-83793b990fc1,0,True,EmptyObject,none,none,clear,No
294,1607938096711:72fb4343-3e2b-4c47-91d1-2be7ad614fd6,1607938096711:b5a87f15-7988-4e90-8a6a-b108b667466f,0,True,EmptyObject,none,none,clear,No
299,1607938096711:163a3d72-d331-40c5-a1c1-f61fafbf8f5f,1607938096711:d23ee6c9-8abb-41a5-9543-0a7d18399015,0,True,EmptyObject,none,none,clear,No
303,1607938096710:b607e159-1b9c-4d48-84c5-1383aa794f44,1607938096710:73115389-ecae-4ae6-b8f8-13e44f5dee11,0,True,EmptyObject,none,none,clear,No
305,1607938096710:acde365c-bd73-4223-abdc-b273ed3a1c12,1607938096710:8b6ad453-d078-46e9-bedd-9d7fc649884f,0,True,EmptyObject,none,none,clear,No
308,1607938096710:88688c73-e3e2-4813-9f9a-4702bad26762,1607938096710:38fb97c9-0371-49d8-a1e3-4d1423074669,0,True,EmptyObject,none,none,clear,No
323,1607938096709:d51a2bde-aba5-41e6-87af-d342990bbce7,1607938096709:49e2ad52-82f3-4bed-bc96-e8200dc4e96d,0,True,EmptyObject,none,none,clear,No
331,1607938096708:f22fd77c-f461-45f5-9e98-968316380cbc,1607938096708:7e5d1440-92dc-446d-bffb-8f8bebd5816c,0,True,EmptyObject,none,none,clear,No
336,1607938096708:a15360b3-4848-472c-acfc-1e3e1546bea4,1607938096708:125cff11-f31c-47f0-b299-d6fa6dcf13d1,0,True,EmptyObject,none,none,clear,No
340,1607938096708:80d18354-a1be-495c-bd5d-d0c02db5acbd,1607938096708:a30cfe0e-571e-4149-a155-99a1a131ca5e,0,True,EmptyObject,none,none,clear,No
342,1607938096708:4b5a73de-3870-4a65-a3a2-b4c38ca73042,1607938096708:c3a62254-7663-4b3c-acd6-bc95f112a607,0,True,EmptyObject,none,none,clear,No
344,1607938096708:2dd0daf0-3bbe-4f8a-9991-82d3501ee7af,1607938096708:95224625-b48d-4d61-908b-867803e50901,0,True,EmptyObject,none,none,clear,No
348,1607938096708:00bab4c6-6483-485a-93e2-c86012ea4b65,1607938096708:fe0c9353-26fa-476f-bbd4-6589cbacf3c4,0,True,EmptyObject,none,none,clear,No
351,1607938096707:d48e6434-35a2-4123-8a21-97ad3a138e4c,1607938096707:6dd1f932-1ba5-42eb-b3ae-99161892bb2e,0,True,EmptyObject,none,none,clear,No
355,1607938096707:b2590410-51a4-4ae2-b64a-6da14ac59d64,1607938096707:678610f4-1516-4088-89d4-365255fc3c99,0,True,EmptyObject,none,none,clear,No
363,1607938096706:fe8e6c9a-d5c2-426a-8c9d-7b78a5c6ca7d,1607938096706:fd8bbfec-590b-4c92-8f8c-ff15bf30fa78,0,True,EmptyObject,none,none,clear,No
368,1607938096706:831da3a0-edb9-403a-a890-0ac440559b26,1607938096706:800ad109-590b-48ef-964b-d3964089a1ae,0,True,EmptyObject,none,none,clear,No
370,1607938096706:81212bf1-d405-42d4-b058-d56f5e666989,1607938096706:36de3e47-6c9b-45ec-a8fe-882494a65385,0,True,EmptyObject,none,none,clear,No
372,1607938096706:5c3eb50a-c77c-4057-b510-5e1c3e51e998,1607938096706:bb8d4bb9-93e0-41ab-b46e-28e36436d8c8,0,True,EmptyObject,none,none,clear,No
374,1607938096706:3fc923ab-a9f2-4ec8-a97e-66e0459bbcee,1607938096706:77d620e1-edca-442d-9512-dde058dfdaff,0,True,EmptyObject,none,none,clear,No
387,1607938096705:3a914c9f-bfaf-4eb9-b557-a5b43b83dc4e,1607938096705:89963540-0536-4227-ace9-4e02471d4f57,0,True,EmptyObject,none,none,clear,No
396,1607938096704:c9d33e31-0750-40ee-a4bc-498798965591,1607938096704:f768d7d2-3354-4f67-a7ce-2504aca04d29,0,True,EmptyObject,none,none,clear,No
398,1607938096704:93a3b2b9-b9fa-48f3-9b71-8c3398d378ca,1607938096704:5e3cc2a2-f10a-4c05-958c-97d04d69a51a,0,True,EmptyObject,none,none,clear,No
400,1607938096704:853777ab-6386-4b62-8eb8-e0cb3a4426be,1607938096704:e893ef20-d155-4f64-8a27-d0e3b2d73b73,0,True,EmptyObject,none,none,clear,No
402,1607938096704:7a091def-625e-4bcf-bb98-fcf30297ee9e,1607938096704:de5cbdcd-5a9f-46f3-839a-76d06a05964d,0,True,EmptyObject,none,none,clear,No
406,1607938096704:310d6ff9-5908-4b02-8a3f-6356c6a5d5e6,1607938096704:44608307-2968-474d-9bd9-6186da1319db,0,True,EmptyObject,none,none,clear,No
408,1607938096703:ff64c2d7-d2da-44bb-8ff4-45c5221f22e6,1607938096703:8c73ff7f-d255-42ca-bbec-10c53d3a9bb2,0,True,EmptyObject,none,none,clear,No
414,1607938096703:eacc2298-a2bb-4287-821d-102093cafcc8,1607938096703:2cc4bb0a-28e9-432f-8105-3c6337486d7d,0,True,EmptyObject,none,none,clear,No
421,1607938096703:05164689-64e9-4867-88e0-5ad1864ea3c8,1607938096703:aa893e14-916f-41b4-ad38-a483971e1745,0,True,EmptyObject,none,none,clear,No
425,1607938096702:a1593502-6622-4226-baaa-58fa2287f7b7,1607938096702:4dc3d5c8-23b4-433e-90af-2837b54611af,0,True,EmptyObject,none,none,clear,No
430,1607938096702:2daa208c-e966-47cc-a352-1ac486fcb2a2,1607938096702:a34ebad4-1e3a-4944-8065-9727bebec99b,0,True,EmptyObject,none,none,clear,No
443,1607938096701:08daf347-68de-469c-b1de-fadae6d7b96a,1607938096701:8b48ee1a-4632-4e18-be7b-459d155510cb,0,True,EmptyObject,none,none,clear,No
445,1607938096700:f6dfdcaf-8e6c-450e-9f20-5cbcac19c0eb,1607938096700:f9422ee3-a50f-44ec-99c2-25058bf04bf1,0,True,EmptyObject,none,none,clear,No
447,1607938096700:f6cc3b13-4ede-4756-9c91-828bf1c5c132,1607938096700:79ee06ea-c447-4490-b1d3-b53f8ae5176a,0,True,EmptyObject,none,none,clear,No
453,1607938096700:b5b3e395-30d9-410e-bbc1-d347b19e2d4b,1607938096700:e7a66a33-43ba-4676-972f-f891c5e9c35f,0,True,EmptyObject,none,none,clear,No
458,1607938096700:2da0fbdd-b917-4783-93db-ab3dfa1196a0,1607938096700:466a0df2-a399-42f3-9ffe-13c9134134bb,0,True,EmptyObject,none,none,clear,No
460,1607938096700:2953b50a-c408-44e1-917a-2155b366587a,1607938096700:82db1541-e758-4993-8251-8eb1cb9be37c,0,True,EmptyObject,none,none,clear,No
465,1607938096699:e46f1677-d9de-4d73-af54-24042bc5dd2b,1607938096699:9e0d5fb2-0df4-4a17-aadf-d25e7313223d,0,True,EmptyObject,none,none,clear,No
470,1607938096699:8f84e6a7-789b-4e01-b578-67315be8dd55,1607938096699:3097562e-0802-407e-b78e-070c40e57c9b,0,True,EmptyObject,none,none,clear,No
473,1607938096699:834c6f98-f5bb-4a7c-92ef-abcaf871e45a,1607938096699:1731cf4a-35f4-4594-b118-3b765ec280b4,0,True,EmptyObject,none,none,clear,No
478,1607938096698:98056da8-d296-4cd1-b0e9-d52d0e98e5b1,1607938096698:932df9fc-d0ca-44b9-83b2-0ade311ee8e0,0,True,EmptyObject,none,none,clear,No
483,1607938096698:83fe341e-f6a2-425b-b72a-089617e545ce,1607938096698:89d37866-f47d-4653-98c6-f81cd1afd4cc,0,True,EmptyObject,none,none,clear,No
485,1607938096698:7c7a50fa-9ae5-43ad-9b71-c361f3918535,1607938096698:5ab06b70-6178-419a-a9e3-3695840aff4f,0,True,EmptyObject,none,none,clear,No
493,1607938096697:9033f1a5-5300-46c3-8d7f-4b80756823af,1607938096697:2a075b1e-889c-40fa-b59b-d4f4a9bb318a,0,True,EmptyObject,none,none,clear,No
497,1607938096697:6dfe3770-80d2-49ca-8f47-34f9a89d3052,1607938096697:2701d322-982f-41ef-937a-f5cf59f1d3a5,0,True,EmptyObject,none,none,clear,No
499,1607938096697:61fe2f2e-5d81-4c3a-bb95-3a2c8f86dd7b,1607938096697:84d3430e-6506-43a0-b2af-bf32529da63e,0,True,EmptyObject,none,none,clear,No
505,1607938096697:290e51a7-2dd6-4e42-a2a7-cf95a1b36ea1,1607938096697:a3aecafc-8868-451c-b3da-70a9dd2ed425,0,True,EmptyObject,none,none,clear,No
511,1607938096696:f2c3bfea-32a1-45b4-8b3c-59b0509a486d,1607938096696:80a1df8f-854b-4495-9e04-8ddb866ac9ff,0,True,EmptyObject,none,none,clear,No
519,1607938096696:4ad9d926-551f-4c29-82e2-f0fa44987aab,1607938096696:aa4702b6-237b-4b76-a890-8755229e88ff,0,True,EmptyObject,none,none,clear,No
537,1607938096694:d0e58ffb-dd4e-4dcb-ac00-b88f0b11786e,1607938096694:6e441894-7c25-478d-ae01-07a37b90264a,0,True,EmptyObject,none,none,clear,No
540,1607938096694:b8c4c2b4-14d7-4396-9efb-30886c8eb097,1607938096695:0ad65d16-08ec-4b17-93c6-8b76786d8a1d,0,True,EmptyObject,none,none,clear,No
549,1607938096694:4030d267-3d7c-4a72-89e8-24188926413c,1607938096694:2c8a0d62-34d7-4220-b90b-97ebd0ce39cb,0,True,EmptyObject,none,none,clear,No
554,1607938096693:9912c619-152f-4019-944f-6175d59bdcc1,1607938096693:0b08e667-7e7e-4650-986e-27112661bf5d,0,True,EmptyObject,none,none,clear,No
565,1607938096692:d2730f75-7e93-472d-ac5a-e4a670d3d6e1,1607938096692:e5ce8d0f-b29e-4c88-b4d9-8a2494862e4e,0,True,EmptyObject,none,none,clear,No
571,1607938096692:4f0de381-5f45-402f-8ad8-9d819c872243,1607938096692:aa499737-b833-46e3-914a-9d64d0760599,0,True,EmptyObject,none,none,clear,No
580,1607938096691:b49c8de4-c041-4f16-91da-353c521813bb,1607938096691:2a104891-d242-4851-a10b-52a27fcb2e27,0,True,EmptyObject,none,none,clear,No
587,1607938096691:20a6811b-ffb5-4716-ac6d-f0946459d5fb,1607938096691:d4498dd9-7580-4cfe-8c37-c20264e94dab,0,True,EmptyObject,none,none,clear,No
593,1607938096690:ab2c16db-1963-4731-835b-9ade871d3a44,1607938096690:d80ebdf9-f754-40ab-b9a7-ba8114894acc,0,True,EmptyObject,none,none,clear,No
595,1607938096690:8b2dcec7-3d22-40ad-bea2-83540f41e7f9,1607938096690:685eb85b-385a-4b58-8db2-9d2156f261f8,0,True,EmptyObject,none,none,clear,No
597,1607938096690:8acb9cf2-a0c1-4df3-ae1f-1b1dcb8e7e9b,1607938096690:f4478dcd-b9c9-4cf5-a5ab-abe8f7faa223,0,True,EmptyObject,none,none,clear,No
612,1607938096689:2ef9bb4c-3d1f-446d-b7fc-951d25a1e902,1607938096689:2c109747-5087-430b-8cbf-43a8a0abfc14,0,True,EmptyObject,none,none,clear,No
619,1607938096688:ce462ee4-17b6-4fee-ad01-cea4b01ae010,1607938096688:852f93af-0381-4e99-a770-38419fca27f8,0,True,EmptyObject,none,none,clear,No
632,1607938096687:5b8d5a30-44ec-4f1c-adc1-367af7f64983,1607938096687:cf96f4fe-9612-441d-a43d-dbf52e7c95ba,0,True,EmptyObject,none,none,clear,No
644,1607938096686:a259c2fc-83bc-4da5-9b5d-dce246905cee,1607938096686:5ba52991-50cd-48fb-b6ef-adc1655a3df0,0,True,EmptyObject,none,none,clear,No
654,1607938096685:543f904b-d2ef-410a-8fd9-2b4d7c3d6508,1607938096685:afedf73f-0288-41a7-bc02-e7e1570aeab4,0,True,EmptyObject,none,none,clear,No
656,1607938096685:2fbd53e4-61b9-4966-9c61-d31a2f5262cd,1607938096685:87434ba1-e994-423a-9ce7-54d8ad0ba8ec,0,True,EmptyObject,none,none,clear,No
658,1607938096685:2db23642-7dab-481f-80fc-61452a96014c,1607938096685:aed2c5fc-d994-44ed-8b5c-498fc0eccb5e,0,True,EmptyObject,none,none,clear,No
660,1607938096685:28074506-16b0-4f46-a997-b02a665f427b,1607938096685:53a8b85f-c6a0-4f3d-ab43-58f9273684a9,0,True,EmptyObject,none,none,clear,No
662,1607938096685:1448d82c-c462-4c16-83c6-1b6d4db6f923,1607938096685:74101fc2-03c6-4ac0-bdd9-e05c4e31f8af,0,True,EmptyObject,none,none,clear,No
665,1607938096684:ed148a40-8ad1-45e6-acce-0eac71d6be74,1607938096684:785de5de-92e2-46bd-a9af-a8ba96b7591b,0,True,EmptyObject,none,none,clear,No
667,1607938096684:eaf76c87-43b7-425e-925d-9be692ba9db1,1607938096684:e8049132-f1ba-4d67-a087-923453afc481,0,True,EmptyObject,none,none,clear,No
670,1607938096684:75dee097-416e-408b-9dc6-ad0bf2f5ff18,1607938096684:34c404a3-153b-41fb-b0fb-e8ab7a70352b,0,True,EmptyObject,none,none,clear,No
674,1607938096684:2d13b9c5-93d7-4082-b886-faf5ea0b0d76,1607938096684:3b836a0a-f4e9-4cd6-98fa-c5a9885725da,0,True,EmptyObject,none,none,clear,No
681,1607938096683:e55f0be2-de7e-4fd0-8ac6-4c2d76ffb498,1607938096683:5439856f-8a74-4338-ac00-afd9b8509c3e,0,True,EmptyObject,none,none,clear,No
683,1607938096683:babef6ac-df6d-48bd-b63a-9e0c6b1ff720,1607938096683:aa918383-25be-4ec4-9f94-db9e28ea939d,0,True,EmptyObject,none,none,clear,No
689,1607938096683:63e1e303-bc2b-4a2a-b5f5-988a80a1bb08,1607938096683:f05ba953-6d5b-47c5-8848-c3cf47eb2ffd,0,True,EmptyObject,none,none,clear,No
695,1607938096682:ce7ba8e3-918a-45da-b03e-de0834e05a7a,1607938096682:dec49420-4d28-416e-a29f-2342040c58eb,0,True,EmptyObject,none,none,clear,No
698,1607938096682:6f6da893-ae48-43aa-a5b7-f777364e6300,1607938096682:3a7c10cd-d337-4025-9f32-96b5df50afa9,0,True,EmptyObject,none,none,clear,No
709,1607938096680:ffa05739-9326-407d-890a-03aeb3a37503,1607938096680:482f7811-e6bb-4968-9c61-17f819a9dbca,0,True,EmptyObject,none,none,clear,No
711,1607938096680:f4f1d51a-365e-417e-b68b-628918e01a76,1607938096680:ba53ca0e-1794-4785-8dec-b12596edf284,0,True,EmptyObject,none,none,clear,No
725,1607938096679:20dbb9ab-3ea2-420e-88b6-88efb7f01521,1607938096679:e1c2c6ca-cc8c-4dba-aa79-4c7f0d1b51b4,0,True,EmptyObject,none,none,clear,No
735,1607938096678:484a01f8-c1c7-40f9-9324-4995edd7a845,1607938096678:7216b0a8-4ee6-4d7c-b6d5-881d27e56af2,0,True,EmptyObject,none,none,clear,No
747,1607938096677:810f969e-4aa0-44b7-bcfd-d299732a10d4,1607938096677:16cec1ad-741f-4431-988a-532096343232,0,True,EmptyObject,none,none,clear,No
749,1607938096677:7ff2aaab-b728-4c4e-ba2d-bf7c92528124,1607938096677:58961cce-df6b-4a51-84ac-cbdf1323b5d7,0,True,EmptyObject,none,none,clear,No
753,1607938096676:ec7b7228-a8e0-4f33-9e1b-448fa5219c43,1607938096676:46d8e009-20f4-4b23-8a83-880099fc5e89,0,True,EmptyObject,none,none,clear,No
763,1607938096675:c585210a-5752-4417-b1a9-ae2ad91855a4,1607938096675:6ea9c99b-c779-416c-ba87-8d9a701423f8,0,True,EmptyObject,none,none,clear,No
765,1607938096675:a82237eb-a4c9-4e5c-9cd9-7d0a05dc711e,1607938096675:4f4fccf2-de21-452d-b13f-e42e7df37648,0,True,EmptyObject,none,none,clear,No
773,1607938096675:20a0f88d-6ef8-43cc-a12c-95746c6a43e7,1607938096675:0b0f3a92-3e60-4c5c-b4f2-56f8b94f1cd1,0,True,EmptyObject,none,none,clear,No
784,1607938096674:0c18c8d5-c106-4092-a31c-11d9359c016b,1607938096674:6ed49c3c-2e41-48d2-bd59-3c15eeca6648,0,True,EmptyObject,none,none,clear,No
794,1607938096673:6b91f658-da2c-4f06-9ea2-008c3fe77b41,1607938096673:34af52a9-fa28-4166-a3c1-f0f1ea682020,0,True,EmptyObject,none,none,clear,No
801,1607938096672:6b7ad70e-88aa-46fb-b6d2-f402d4a36f31,1607938096672:c0fb12cd-0517-48fe-b316-fd53995f079a,0,True,EmptyObject,none,none,clear,No
803,1607938096672:5ab7dfba-7fc8-48cb-b076-e49b1c41f9c1,1607938096672:b6ab031b-6798-4092-8a4c-65c7b71b3c5b,0,True,EmptyObject,none,none,clear,No
808,1607938096672:0ba2ef6d-202d-4e0a-8960-99efc2c6cddf,1607938096672:1fc65dcd-c0a2-4ac4-9d8c-c9dc73188ee1,0,True,EmptyObject,none,none,clear,No
810,1607938096672:03b8da02-4d0c-4cfd-8f49-f689d2b56575,1607938096672:950349c3-1d9b-4550-aedf-4cc7d4a42e49,0,True,EmptyObject,none,none,clear,No
817,1607938096671:71f8c457-63ff-4ed7-bccf-09856c286d4b,1607938096671:88b69532-006b-4d3f-b268-f567c638b257,0,True,EmptyObject,none,none,clear,No
821,1607938096671:2a3dd9e4-114c-4a99-8c8b-7cb4740b4128,1607938096671:9c6038f9-c95c-4f9b-a8a2-e2526ed08fcb,0,True,EmptyObject,none,none,clear,No
845,1607938096668:dcb7a9f2-a8ba-4b97-b2aa-21db81b2def9,1607938096668:4734003d-4d98-4dca-ad3d-6f641942f5c8,0,True,EmptyObject,none,none,clear,No
850,1607938096668:3f04619f-0fac-4156-bb92-04e488ec5d59,1607938096668:513caad8-1c1d-46c9-991d-dee4eb87c998,0,True,EmptyObject,none,none,clear,No
853,1607938096667:e10c53a6-fb11-4f5f-a97f-19dacbf9626c,1607938096667:052b0c1d-b7b9-4c65-ac9a-0a820b652f2a,0,True,EmptyObject,none,none,clear,No
856,1607938096667:78ccca03-07db-4ec4-9132-d3020b9e7472,1607938096667:982d3232-4b5c-448e-a5cc-f608e9191679,0,True,EmptyObject,none,none,clear,No
865,1607938096666:8b28c80f-4232-4f1f-ae15-725ee61a40e5,1607938096666:f092072b-0e29-41a3-9ea1-38527684d271,0,True,EmptyObject,none,none,clear,No
867,1607938096666:6910cd75-c07c-4b92-af5c-a6a157654db8,1607938096666:63e49bea-cc3a-4108-a9d1-9ae5bbe00ce8,0,True,EmptyObject,none,none,clear,No
872,1607938096666:1096dc6b-8b78-4065-9543-6d70ebfbbcd6,1607938096666:7d8e0aac-2fa4-42a4-8000-e809bff6ec8d,0,True,EmptyObject,none,none,clear,No
879,1607938096665:2f850405-c8b4-4ad8-abb7-1173c1360862,1607938096665:2ddb21f8-eccc-418c-af2f-1f4dc513e4e8,0,True,EmptyObject,none,none,clear,No
881,1607938096665:133b2690-d4d8-4a53-854f-c3a07f1928c0,1607938096665:3fc1bb3d-ef8c-49ec-91d0-64d3aef58582,0,True,EmptyObject,none,none,clear,No
885,1607938096664:eec0c029-e9d5-492c-aad1-60ce57abacb2,1607938096664:5ad3ead9-5bdb-4116-9b3d-4fcf7e88712f,0,True,EmptyObject,none,none,clear,No
887,1607938096664:e8dc1629-2b4f-48c6-9e63-bf1bde83b764,1607938096664:70f58b4a-4dbb-46c3-a1d7-da9114828e25,0,True,EmptyObject,none,none,clear,No
895,1607938096663:f057b7c4-ee11-4543-86ca-a54e134b4ffc,1607938096663:e4286a70-8eff-4017-a522-7e0fd42ea27e,0,True,EmptyObject,none,none,clear,No
898,1607938096663:decdf8a7-987b-4262-969f-4d1cd5640d10,1607938096663:5e78c2f5-4c6c-4466-b889-317085281da6,0,True,EmptyObject,none,none,clear,No
900,1607938096663:cf482361-a421-4179-b836-41fadc70cb25,1607938096663:abe5eb2d-52d5-4ce5-9b2a-3e32d6004ddf,0,True,EmptyObject,none,none,clear,No
911,1607938096662:05c9d9da-06f4-42fb-8268-16f490ca5a8b,1607938096662:2bf54d6d-2c9a-47a3-8597-f27a3977ba7e,0,True,EmptyObject,none,none,clear,No
921,1607938096660:f7e52507-6fb1-45e8-af9e-4caaea07212f,1607938096660:7e51f164-46ac-4116-846f-361b1217f635,0,True,EmptyObject,none,none,clear,No
937,1607938096659:00f57a47-d224-49ec-aa2e-22fe749018f0,1607938096659:880a607c-ae6f-4114-8f49-840d5ffc40f5,0,True,EmptyObject,none,none,clear,No
940,1607938096658:7e556825-e3ae-47f4-8fe9-7088bc3998f5,1607938096658:0a992416-de48-45c7-a43d-7ba3f71937c7,0,True,EmptyObject,none,none,clear,No
954,1607938096657:763e739a-3421-4853-b4e9-6aac8d1f6628,1607938096657:222bef66-e7a7-4b3c-ab80-64c490898a5b,0,True,EmptyObject,none,none,clear,No
955,1607938096657:763e739a-3421-4853-b4e9-6aac8d1f6628,1607938096657:222bef66-e7a7-4b3c-ab80-64c490898a5b,0,True,EmptyObject,none,none,clear,No
956,1607938096657:763e739a-3421-4853-b4e9-6aac8d1f6628,1607938096657:222bef66-e7a7-4b3c-ab80-64c490898a5b,0,True,EmptyObject,none,none,clear,No
960,1607938096656:e74769c0-c319-482b-a1df-680ce25e578e,1607938096656:414525a1-d160-4160-bf0d-ddf030f47e04,0,True,EmptyObject,none,none,clear,No
962,1607938096656:c849ca1b-eb18-49f5-aa22-43be3bc11b62,1607938096656:d685d046-f8f7-49b0-b80b-09840c85925c,0,True,EmptyObject,none,none,clear,No
965,1607938096656:b30b7b3d-7840-4b0e-938c-b24b0f7b22b2,1607938096656:4af3cc93-244b-436f-854a-359233143b18,0,True,EmptyObject,none,none,clear,No
974,1607938096655:633b5ba9-4b87-4c88-ab05-d5572b3bb66a,1607938096655:6eedc2a1-cdf0-4376-b345-7252e3aceeba,0,True,EmptyObject,none,none,clear,No
976,1607938096655:5c8440c5-391e-4c7c-932d-d5da8ddd30f4,1607938096655:2af28262-8fef-46a1-bc53-1f2b883151e1,0,True,EmptyObject,none,none,clear,No
985,1607938096654:4d4a8135-bf4f-48c1-8fb5-50981c42b656,1607938096654:80f40bac-a3fe-4d76-b8fd-cf1c71473c62,0,True,EmptyObject,none,none,clear,No
995,1607938096652:fe68c54f-c445-4e92-b785-f1bc3bb358a7,1607938096652:8f8071be-a70b-4d79-8aa0-e865bb98ea44,0,True,EmptyObject,none,none,clear,No
997,1607938096652:d9ea7380-3bd1-475c-96be-cff58cb160b6,1607938096652:caf16d24-515d-4940-bf46-07a6ae2b10cf,0,True,EmptyObject,none,none,clear,No
1001,1607938096652:4ca71fcf-6f48-4c08-8684-76d175a7859d,1607938096652:739fad56-e373-48ea-a5e4-8d676008e69b,0,True,EmptyObject,none,none,clear,No
1009,1607938096651:4456a8e7-7a9f-43ec-b1fc-0c342f83f6bf,1607938096651:0e31b3da-8bb9-4582-8a21-09e0c079c9e4,0,True,EmptyObject,none,none,clear,No
1015,1607938096650:a544ae52-1b05-4912-be76-09d794816aba,1607938096650:eb21a493-4816-4ad5-8863-b5aeacb16a4e,0,True,EmptyObject,none,none,clear,No
1027,1607938096649:3c65a222-3ff2-4486-a68a-e388842500cd,1607938096649:7904ed31-2d2b-4759-b129-a0844e7286da,0,True,EmptyObject,none,none,clear,No
1029,1607938096649:0790f95f-2e83-4bcf-8a2d-f562f70db63a,1607938096649:57a3bfa5-26f4-40a0-a194-d9fe1f997829,0,True,EmptyObject,none,none,clear,No
1034,1607938096648:dcbb8e28-3cc2-40c4-a9fc-95aba79dd214,1607938096648:dcc2598b-91d5-48f0-80b2-f357a6fd3e9b,0,True,EmptyObject,none,none,clear,No
1039,1607938096648:3f9f7aa9-1852-48eb-82d4-f1ba04860314,1607938096648:9dad9f39-afea-4f78-be8a-9c8f252a8aae,0,True,EmptyObject,none,none,clear,No
1050,1607938096646:ea8e81fd-0939-41e9-aa6c-771e3e37b081,1607938096646:63c77479-caf6-4f88-8da1-4c2ade197d53,0,True,EmptyObject,none,none,clear,No
1053,1607938096646:c3318460-cbc2-452f-9940-f0b1b036ce62,1607938096646:2ea7842a-c9d3-40fd-b198-7f631a93efc6,0,True,EmptyObject,none,none,clear,No
1062,1607938096645:c1a30255-ba78-41a2-aa9e-f903ecb6865c,1607938096645:9c67c802-31b1-48c6-b86c-7e0e567d00be,0,True,EmptyObject,none,none,clear,No
1065,1607938096645:9b93ebce-26b9-4c2e-acbb-cac810db05a3,1607938096645:29403cd3-9b68-4e1f-9833-98693b864821,0,True,EmptyObject,none,none,clear,No
1069,1607938096644:e351725d-8f31-4f54-aa75-223b7ab363d8,1607938096644:4952e5eb-5a92-4769-98c3-554ce883d718,0,True,EmptyObject,none,none,clear,No
1077,1607938096643:e5a6020b-d952-4ade-bff8-b70900ee9603,1607938096643:cf76342e-00b0-4d0c-9c56-be750d24a3f6,0,True,EmptyObject,none,none,clear,No
1081,1607938096643:58cbb125-66a4-4444-8683-bcad37720417,1607938096643:6c857cc2-19ac-4e58-828b-b90adc127067,0,True,EmptyObject,none,none,clear,No
1084,1607938096643:0e5f29e7-451b-4f4b-9b50-525c5f90ccb5,1607938096643:a0994d7f-1c3b-407b-80f6-5d4d22377eaa,0,True,EmptyObject,none,none,clear,No
1093,1607938096642:65508d99-87c1-463d-be1e-8820b7104a46,1607938096642:b046cf63-635c-460b-b5f2-43363a3d0fec,0,True,EmptyObject,none,none,clear,No
1099,1607938096641:8437e723-4578-40ed-be7d-127be6377b73,1607938096641:304b6a1d-8d45-4b0b-970f-f01ed7a71fad,0,True,EmptyObject,none,none,clear,No
1101,1607938096641:76e747cf-0391-41c9-a437-a2745126e1bc,1607938096641:176ec71e-510d-42b2-a2c0-bd4ecc5b7681,0,True,EmptyObject,none,none,clear,No
1105,1607938096640:f410067b-935f-4449-9239-4e7b53849533,1607938096640:3a8c89df-0e35-4a66-8cab-c1ce78435c87,0,True,EmptyObject,none,none,clear,No
1110,1607938096640:47c270b9-4d3d-4057-97b2-f4da8a952850,1607938096640:2137eac6-93e9-4893-b9c7-e945892d1ec1,0,True,EmptyObject,none,none,clear,No
1118,1607938096639:a5cbd692-a94a-459e-9605-30c1be1b15d0,1607938096639:a1988b06-d521-41b6-8b35-28d00eaa7c44,0,True,EmptyObject,none,none,clear,No
1121,1607938096639:6cff174d-c233-4af7-b566-fef5900627fc,1607938096639:b4099f20-9a75-4693-a8ef-f97ec8ee6bae,0,True,EmptyObject,none,none,clear,No
1127,1607938096638:397210e6-e292-4013-9860-e33de66e6c1f,1607938096638:ee2c494d-6a79-4647-b582-b0bf244488c6,0,True,EmptyObject,none,none,clear,No
1130,1607938096637:e64908d9-432b-4f10-8aa5-03bbca5f487c,1607938096637:2da624e2-4d4e-4244-b946-33e1b82ee497,0,True,EmptyObject,none,none,clear,No
1139,1607938096637:3a2bce47-1420-444b-9232-fac8189b7255,1607938096637:627e121a-3ed7-40c5-9a07-c050f89fa33f,0,True,EmptyObject,none,none,clear,No
1143,1607938096636:e70bd22a-ddb2-4e85-9d42-b750e255afbc,1607938096636:5115f5aa-d40b-40f1-b8c6-32b629716dcb,0,True,EmptyObject,none,none,clear,No
1153,1607938096635:dd1587b5-b0fe-4083-ac11-857a84771e14,1607938096635:db6e3edc-6f24-4b24-aec0-4cc04e684316,0,True,EmptyObject,none,none,clear,No
1160,1607938096635:21fdffa8-1c66-4356-ad8a-8b2032385978,1607938096635:383d97c9-a938-4d14-a7b9-0e347acd473c,0,True,EmptyObject,none,none,clear,No
1164,1607938096634:e6d02bbb-6595-482c-b1d2-125bf26d513c,1607938096634:3f2ecadc-366a-40a6-beff-5bf1e5154006,0,True,EmptyObject,none,none,clear,No
1169,1607938096634:8607f85b-50ae-4890-8608-9625d8ab9fa3,1607938096634:bbdf2a28-aa20-4e3f-a999-b388b23412fc,0,True,EmptyObject,none,none,clear,No
1176,1607938096634:0bdabc5d-06a7-4eeb-b982-122ebe5fcc0c,1607938096634:bb5fe977-d40e-4fc6-8a1d-5a4a93a6c0ba,0,True,EmptyObject,none,none,clear,No
1189,1607938096632:f9f47231-88f1-4614-b317-7cbdaada1c8f,1607938096632:e60965fc-1419-4ed5-a4b6-f3367edc9e1b,0,True,EmptyObject,none,none,clear,No
1194,1607938096632:97a4f721-546c-4d87-866d-78e7fb9f06d1,1607938096632:ebf13d5d-fbf2-4791-a4f3-bf9a5a27ea85,0,True,EmptyObject,none,none,clear,No
1198,1607938096632:239e6f6f-84d3-41ac-b154-31c39da43742,1607938096632:6e2788cd-46d4-4794-965f-84387a71fc31,0,True,EmptyObject,none,none,clear,No
1200,1607938096632:1b1673b6-8b02-4a05-ada1-a70618d3f8f6,1607938096632:8aeb8bbc-5f11-4dff-a1a4-56cd3980fec8,0,True,EmptyObject,none,none,clear,No
1202,1607938096632:016685cc-f5a5-4e56-95ca-e23ce04fbcef,1607938096632:38aa5fee-a4b9-4e2c-9932-a9939ecf914d,0,True,EmptyObject,none,none,clear,No
1205,1607938096631:ed1c8ab3-f717-48c5-a22f-d615a84856ef,1607938096631:9d634de6-94a2-4eba-b3c7-14da7dd219ef,0,True,EmptyObject,none,none,clear,No
1207,1607938096631:d6bf98c4-ace3-4d04-a475-726d78da4c91,1607938096631:12762f46-f875-4c8e-bb13-4df4e0b6a40c,0,True,EmptyObject,none,none,clear,No
1218,1607938096630:97484f63-d746-4699-813b-4f949b08c1d1,1607938096630:fe09a4d4-7cb4-49f6-bb2d-abc03e2b602b,0,True,EmptyObject,none,none,clear,No
1222,1607938096630:2b6a42d2-a69b-45e3-81b4-945f129103c8,1607938096630:99deba32-c453-41d8-a524-e96f064397ea,0,True,EmptyObject,none,none,clear,No
1228,1607938096629:d658e130-8468-49fd-9f0f-a00f134ef675,1607938096629:7e9082b0-e50f-4396-9f63-1f531b0543ab,0,True,EmptyObject,none,none,clear,No
1231,1607938096629:6bd36db1-1624-41e1-ad90-844d94aba77b,1607938096629:10385179-e326-493c-8f48-9d6e336452e7,0,True,EmptyObject,none,none,clear,No
1235,1607938096629:1b0de6ba-f2e9-4297-bbfb-8475da5f7b69,1607938096629:45650049-0046-4f70-a031-32c4e4fb3a6d,0,True,EmptyObject,none,none,clear,No
1249,1607938096627:9c909efe-c848-4ac8-81ed-950e25bbb01e,1607938096627:6378b1df-4656-4940-bf20-83b23d154297,0,True,EmptyObject,none,none,clear,No
1254,1607938096627:79c4a732-61a4-410a-893c-cc282f2ad95d,1607938096627:7a0568b3-fed7-4495-8a94-efcfda7eda16,0,True,EmptyObject,none,none,clear,No
1258,1607938096627:4cc1272d-ca39-44fe-a510-1b89e950e35f,1607938096627:b245bb22-88f0-46b3-8fa8-0a7ec1ac0a4d,0,True,EmptyObject,none,none,clear,No
1261,1607938096627:2e29024c-5733-457d-98b4-37d674c61fb0,1607938096627:c72d1e76-67aa-4068-bf76-9cf8b7143e4d,0,True,EmptyObject,none,none,clear,No
1265,1607938096626:fa77198b-3915-4251-bc4b-559efd5eb72d,1607938096626:4509257c-c5f2-4901-8219-04f539731b61,0,True,EmptyObject,none,none,clear,No
1270,1607938096626:59c1fa4d-483a-4fc3-ad25-ee20ad057a31,1607938096626:0f5d795a-30f6-4145-ac4c-2ed24b6d1115,0,True,EmptyObject,none,none,clear,No
1273,1607938096626:3e81b375-c0af-4f13-bd48-1f732c78f9de,1607938096626:9287bd15-3505-41dd-b6b5-499969332bbb,0,True,EmptyObject,none,none,clear,No
1276,1607938096626:208cf775-5462-430c-8d28-62ea6b335ad7,1607938096626:13616d14-8426-44ba-ba35-f0aaa11d86b5,0,True,EmptyObject,none,none,clear,No
1278,1607938096625:fc1e7dc6-7878-4991-a88e-77da0eb80942,1607938096625:060f8ef1-3e96-4602-9180-ec5c10623486,0,True,EmptyObject,none,none,clear,No
1283,1607938096625:50681b2c-e1d4-4f26-8570-66de26dcd1ec,1607938096625:c9aca379-3b29-4a7a-9d97-057e344feff2,0,True,EmptyObject,none,none,clear,No
1286,1607938096625:1a97c49c-2689-4fee-a845-6051cb00f75a,1607938096625:efb04e38-984e-4e9a-89f7-87a346986d17,0,True,EmptyObject,none,none,clear,No
1295,1607938096623:df09923a-d8d1-4d03-9511-ce50bea39747,1607938096623:1ac0eb23-b5b4-4d50-8a42-5a41e221399f,0,True,EmptyObject,none,none,clear,No
1302,1607938096623:1896f8f6-5044-4678-8c7e-4c65d5e763e9,1607938096623:c292b695-a614-475b-a3b6-4809f527dd3a,0,True,EmptyObject,none,none,clear,No
1306,1607938096622:b11a3117-d300-43a0-977a-04870238129f,1607938096622:2aed1cb2-d69c-4104-95ab-d3bf277107e0,0,True,EmptyObject,none,none,clear,No
1310,1607938096622:6d1248fd-cf82-41fb-b6a6-dd1be639bade,1607938096622:775faf15-2f00-49ee-8bef-3abf45a6010c,0,True,EmptyObject,none,none,clear,No
1313,1607938096621:5b603b1e-0bfc-4e45-9604-039a729b05b0,1607938096621:371a4ecc-faa1-4a3b-a726-cfda2e008d4d,0,True,EmptyObject,none,none,clear,No
1315,1607938096621:583b45ca-3343-4515-9a72-a041b249a5ac,1607938096621:58cebbd0-6560-4fc2-9166-7b77462c9ab2,0,True,EmptyObject,none,none,clear,No
1317,1607938096621:2d25e1c1-8eb4-4866-87fd-acbe8457cfda,1607938096621:3522005a-ef35-45ec-b880-295fedcae006,0,True,EmptyObject,none,none,clear,No
1320,1607938096620:f2ddae9c-c869-4440-88aa-a3921d82db65,1607938096620:a760d43f-c8c7-426c-b029-4e4979a13fc7,0,True,EmptyObject,none,none,clear,No
1323,1607938096620:85dde997-ed93-4746-b30c-d13f6365ffb3,1607938096620:ed524a1e-ac73-4fcc-a3f3-8ad6ce460163,0,True,EmptyObject,none,none,clear,No
1328,1607938096619:efa72a2b-921e-4329-940c-4958529b7b62,1607938096619:cf58a094-a416-4b95-8f8a-6fcbcb3a20d6,0,True,EmptyObject,none,none,clear,No
1342,1607938096618:2375b2f7-86e7-495a-9e38-adc905045ef8,1607938096618:62b97800-c36f-48d3-87a1-88acd8410bb3,0,True,EmptyObject,none,none,clear,No
1349,1607938096617:7d74404a-0d9a-49ff-90a6-85a64dc605a0,1607938096617:c0b5068f-68f4-483f-bf0e-392f474c531b,0,True,EmptyObject,none,none,clear,No
1352,1607938096617:3f5f171a-da87-4362-8d5e-f77e8ba11fb3,1607938096617:9aa27d63-57ea-4170-899b-3e3a5e457c75,0,True,EmptyObject,none,none,clear,No
1354,1607938096617:3c28f81e-3a51-4065-924d-afac00aad4e4,1607938096617:72d43148-ce25-4c5a-ad85-062c11a94b29,0,True,EmptyObject,none,none,clear,No
1356,1607938096617:07d302ba-9b5e-43f5-b616-b4af0d050074,1607938096617:b8c75ae9-e780-4492-975b-cea73a2c11ea,0,True,EmptyObject,none,none,clear,No
1361,1607938096616:12a57c47-9c32-41b7-b5b0-1fc16125f84c,1607938096616:b1b802c1-114b-402f-babd-36bec4f4da8b,0,True,EmptyObject,none,none,clear,No
1364,1607938096615:d7857f79-1fba-4418-9d9c-268fb29d377d,1607938096615:231c2e41-6b52-41c4-a0f9-2ba565154200,0,True,EmptyObject,none,none,clear,No
1372,1607938096615:7fd15e95-619a-4f4b-9258-a5393914e422,1607938096615:e15bd401-6af9-42dd-9c0e-3ae819d5f05b,0,True,EmptyObject,none,none,clear,No
1377,1607938096614:e8cdcd18-607f-443d-9553-e8f34a061dc1,1607938096614:5c8c69f3-335a-4431-81a7-65e3b31e98b9,0,True,EmptyObject,none,none,clear,No
1385,1607938096614:49af7fea-7c7d-4489-8c94-ad6141c891bb,1607938096614:fd51c271-b156-4669-9669-9f3910a95c99,0,True,EmptyObject,none,none,clear,No
1390,1607938096614:2049fc03-fb0f-4d4b-9937-4081f99306ce,1607938096614:238b735f-5968-4b07-8ee6-09d1010921fe,0,True,EmptyObject,none,none,clear,No
1393,1607938096613:fe488636-8d21-4acf-a60c-f495a8c53302,1607938096613:3610589a-ce5c-4b2c-8e92-3a02bad5ce5e,0,True,EmptyObject,none,none,clear,No
1404,1607938096613:0a993089-50e5-4201-97bd-1e854adaa74b,1607938096613:50bd45f1-3e3d-41d8-9f77-d978999ab80e,0,True,EmptyObject,none,none,clear,No
1413,1607938096612:10050c06-3a5e-4722-9a32-1cce0ab525e5,1607938096612:d773d85a-5c5c-4135-a7f4-7d78d0dca4b3,0,True,EmptyObject,none,none,clear,No
1420,1607938096611:2c2c64c8-6cbc-4111-beac-a7acee1c4619,1607938096611:39e64482-251b-4dee-b44d-3a7df610fdad,0,True,EmptyObject,none,none,clear,No
1424,1607938096610:ce8895ae-4584-46dd-92f4-4d1ca3e361cc,1607938096610:c9250488-534b-4e79-8e46-5a0ca4050259,0,True,EmptyObject,none,none,clear,No
1430,1607938096609:d6e11f57-4b93-4ca9-8968-5eaba7a969f1,1607938096609:42a3b102-58d4-4652-8473-b1abff2c2395,0,True,EmptyObject,none,none,clear,No
1445,1607938096607:e75779e2-f70e-4739-b2dc-0d1cae99b7b1,1607938096607:2a999812-3912-47a8-955f-dff82a2e1a59,0,True,EmptyObject,none,none,clear,No
1486,1607938096600:be5c1dcb-991b-41f7-aaea-b5c298497392,1607938096600:2504d0db-44bc-4238-8287-5325aa9043fb,0,True,EmptyObject,none,none,clear,No
1499,1607938096599:70923210-3282-45c2-94ea-0249152aea4a,1607938096599:e3627702-0c93-4369-9c21-555883950060,0,True,EmptyObject,none,none,clear,No
1501,1607938096598:eb30ecfb-9fad-4a99-8bf6-d3d874278565,1607938096598:f4e5be92-863a-4f3d-b3d8-61465e64ca7c,0,True,EmptyObject,none,none,clear,No
1505,1607938096598:e2276001-a0e9-43a6-af1a-8ae024e2f4d1,1607938096598:939c2eae-0551-4f5d-8ef4-44aac8d0b2ae,0,True,EmptyObject,none,none,clear,No
1513,1607938096597:e1b95d24-5651-4fc0-9b36-883335779b7c,1607938096597:492df4ae-cb58-4fc1-960b-fe389d4bee44,0,True,EmptyObject,none,none,clear,No
1520,1607938096597:48a7cfba-90e4-4835-8634-2c98377aabb1,1607938096597:cd523282-6a72-4d83-9bf9-6d7e77ce5788,0,True,EmptyObject,none,none,clear,No
1531,1607938096596:4aef8c31-4ea1-4a36-93bc-a0799dfcc8af,1607938096596:3ecda9a3-9ad0-4edd-8942-44b2b6ee80fe,0,True,EmptyObject,none,none,clear,No
1536,1607938096595:b6c3a51e-08be-45f6-9bf1-7ba107f395fe,1607938096595:18f94a5e-a0d3-4dd5-a2bb-2d4c7e5e3a3b,0,True,EmptyObject,none,none,clear,No
1538,1607938096595:9f25125c-20e7-4614-ae1d-16c9ae3fd9e5,1607938096595:e5635c13-d14f-41d2-aa6e-24462e9095aa,0,True,EmptyObject,none,none,clear,No
1540,1607938096595:474647c8-1011-42e9-8897-b456dc487b17,1607938096595:fbf5177d-93bf-421a-a0ef-eb33c8781124,0,True,EmptyObject,none,none,clear,No
1542,1607938096595:3fb2362d-7053-4cd0-9019-c4a781541de5,1607938096595:ea1e71b1-9b50-4122-be06-360c5bce6544,0,True,EmptyObject,none,none,clear,No
1550,1607938096594:b0800bd9-7288-4347-b3ba-8382b5ccffc8,1607938096594:979d65a4-a397-4098-843c-b6bc07151143,0,True,EmptyObject,none,none,clear,No
1554,1607938096594:5496633a-d97c-4878-afd0-a3d0d305bc68,1607938096594:ff14dd32-90e6-48dd-a2ed-d82a4a862dde,0,True,EmptyObject,none,none,clear,No
1556,1607938096594:4b366805-10c6-4e0a-8939-4ea0b1066a9f,1607938096594:b46c51ff-1610-460e-a397-a11688ee70c3,0,True,EmptyObject,none,none,clear,No
1565,1607938096593:4eabbc71-c1c4-4d5d-b994-afa61f4ef677,1607938096593:e8e11563-1176-4178-8c62-d5868cc89843,0,True,EmptyObject,none,none,clear,No
1568,1607938096593:0d425a2c-7c02-409f-9b16-67fd81ad309d,1607938096593:1d37f591-0ead-4817-91df-2f343a1c7b60,0,True,EmptyObject,none,none,clear,No
1570,1607938096593:01111b6b-8240-4831-8df5-ab64fa326a3e,1607938096593:9ed17a5e-a8a3-40d4-9d66-d38413219b98,0,True,EmptyObject,none,none,clear,No
1575,1607938096592:b305c188-c417-4c9d-a331-c4ef270e554d,1607938096592:f5a5f5fe-c929-4fb4-bcaa-785042ec64d7,0,True,EmptyObject,none,none,clear,No
1577,1607938096592:af927752-2663-47d1-a8fb-ca044da85d05,1607938096592:39f7bcea-acfb-4b2d-9aaa-fd22e2d48f99,0,True,EmptyObject,none,none,clear,No
1581,1607938096592:470591b1-1e0a-4738-be65-ff4d2d1d302b,1607938096592:7066df73-28bb-45e6-b35b-473c0e7aad6b,0,True,EmptyObject,none,none,clear,No
1584,1607938096591:ed3ff09f-b64d-4ae4-b11e-bff8f150b504,1607938096591:72f40ae6-2c8f-46ba-b95e-d59e8fc498a6,0,True,EmptyObject,none,none,clear,No
1586,1607938096591:ccf92a42-e74f-4741-9bec-ee63595c4185,1607938096591:dc0c7f8a-67f9-42d1-a882-10213c228c23,0,True,EmptyObject,none,none,clear,No
1588,1607938096591:9ab4c5c4-1e91-4eac-9439-8a1f48e86ffb,1607938096591:9beac605-7ad1-478e-83cb-b1c5c5e3db87,0,True,EmptyObject,none,none,clear,No
1592,1607938096591:6fac91c0-5d82-4efb-8f68-88b1260bd239,1607938096591:84c2c553-b2da-42a1-a00e-d7a5a5b3a9bc,0,True,EmptyObject,none,none,clear,No
1602,1607938096590:3fa0b94a-694c-4ffc-8200-638441eb72f0,1607938096590:55ee89d6-99be-44a1-9d63-b0026053210a,0,True,EmptyObject,none,none,clear,No
1611,1607938096589:76664c58-030b-4d42-bf50-ffec40a60021,1607938096589:45582295-f36b-45c7-ba94-35c90ff5db5d,0,True,EmptyObject,none,none,clear,No
1628,1607938096586:c50a7f69-4797-4e87-8a2c-b096171fbb3d,1607938096586:67ffd4ab-47ac-4d27-ab95-21795356af5a,0,True,EmptyObject,none,none,clear,No
1631,1607938096586:81fbeee4-6cbb-4a6a-88ee-d53266b856c4,1607938096586:41a72b43-7298-4327-ab3a-ea0f61a594c4,0,True,EmptyObject,none,none,clear,No
1641,1607938096585:1fbfc423-db55-47d8-92d2-fb11cba42bba,1607938096585:da934ddc-0e1a-4c21-8bde-4a5102788715,0,True,EmptyObject,none,none,clear,No
1647,1607938096584:4700af85-0536-4eaa-acdb-6d650b5885d5,1607938096584:59f31c9c-2f37-441e-945a-fc8ad8afeef0,0,True,EmptyObject,none,none,clear,No
1655,1607938096583:1ae985ef-a92b-416d-bdcc-459b4eae5e50,1607938096583:8d1b73de-1e6c-46a9-bfb7-b70b1efa4a04,0,True,EmptyObject,none,none,clear,No
1657,1607938096582:90e1386c-6bf4-45e8-ab48-15e7ddc55b95,1607938096582:7d42f52a-2b2b-43e1-8a86-846030fdb2ea,0,True,EmptyObject,none,none,clear,No
1659,1607938096582:6cefc78a-baf3-450c-9c35-f036f36530a6,1607938096582:5dca237e-a86c-4ef2-80c3-c289f4fed106,0,True,EmptyObject,none,none,clear,No
1663,1607938096582:31ca0e59-38df-4ebb-a8ce-51d525415711,1607938096582:7206702c-6983-4abf-a8b0-cb2ba78e20cd,0,True,EmptyObject,none,none,clear,No
1668,1607938096581:0381e6ce-d1b5-4194-a55a-66ddd56a6199,1607938096581:a09e820b-868a-42b3-a3ef-27ead0f2c0c7,0,True,EmptyObject,none,none,clear,No
1672,1607938096580:bfaf9581-9fa1-446c-8ee4-27253f50a502,1607938096580:9c442ada-f63f-40a7-b363-dcb7f382c3d6,0,True,EmptyObject,none,none,clear,No
1674,1607938096580:a5d92801-6f65-42f3-bdfe-06ce03721561,1607938096580:ce506180-353c-4edc-99ee-b7a3aa759907,0,True,EmptyObject,none,none,clear,No
1678,1607938096580:6f46d769-7879-4ad0-97b9-082cbd6024d3,1607938096580:5ee23e32-0a34-4033-90c9-65b1bca6bde6,0,True,EmptyObject,none,none,clear,No
1683,1607938096580:1de73e20-6c35-4caf-8c87-8cbac8afa70c,1607938096580:05d67c14-51d0-4122-827c-5143985b813c,0,True,EmptyObject,none,none,clear,No
1690,1607938096579:1f59ef40-90bb-4e1d-9565-d8ea6259fe9f,1607938096579:e5c569a9-61ab-48b4-bebd-6133e9dd16dc,0,True,EmptyObject,none,none,clear,No
1699,1607938096577:b5f486ed-f246-4edb-8b1e-569268493456,1607938096577:49d5fa54-6879-4146-bc2e-56c58c235521,0,True,EmptyObject,none,none,clear,No
1701,1607938096577:9a3c9bfd-2ed7-4597-998b-3e814d250517,1607938096577:1dc0167d-6510-4545-b46c-0884dc927c28,0,True,EmptyObject,none,none,clear,No
1703,1607938096577:842b4b2b-59a7-47d1-b1ea-3a0a5e8c6cb3,1607938096577:1bece24b-794f-413f-a3e4-302324bb8f1f,0,True,EmptyObject,none,none,clear,No
1705,1607938096577:6b4b91e0-21a1-4aec-b021-3a4172ce36b6,1607938096577:73b80aab-54a8-4170-a063-60947bb2b353,0,True,EmptyObject,none,none,clear,No
1707,1607938096577:5758f700-3441-4022-bb04-c4977cffe040,1607938096577:f5f07fb7-cac8-4e14-94fa-9a35c4cf04c0,0,True,EmptyObject,none,none,clear,No
1716,1607938096576:ba6a44a3-358a-4d07-9298-88aef0e9f9bd,1607938096576:33d7afbc-2b7e-428e-b4f6-a7af02a02c06,0,True,EmptyObject,none,none,clear,No
1719,1607938096576:46797c41-90ac-491e-ac4f-46dd76d9448d,1607938096576:d4a146fd-ff6c-457c-a8ef-b4994f29ba2e,0,True,EmptyObject,none,none,clear,No
1723,1607938096575:c2bbc1a8-380f-4452-8918-ff31268cebc0,1607938096575:acc5cc37-2df3-413b-99cb-72be0a334e7a,0,True,EmptyObject,none,none,clear,No
1730,1607938096575:45598585-528d-45f3-ae5f-38f47eb21489,1607938096575:59f194f6-f353-4ca7-bd63-0965a6db6242,0,True,EmptyObject,none,none,clear,No
1735,1607938096574:3fe9dd45-e693-4f3a-8cc7-86fa0174f5bf,1607938096574:ec260fd5-c151-4774-85ef-395eedfb3ec7,0,True,EmptyObject,none,none,clear,No
1737,1607938096574:34507c29-158a-4215-9582-58d03f15bc98,1607938096574:8405de5b-5c37-4bba-ab1b-15bc8c6db5c8,0,True,EmptyObject,none,none,clear,No
1739,1607938096573:fc810c95-66c3-44d4-95ee-7b385af0da40,1607938096573:24fa2e3b-ae3e-4b05-a467-3034d9f32a63,0,True,EmptyObject,none,none,clear,No
1748,1607938096573:49b7cdf0-c81c-4d95-a2e9-17577194460d,1607938096573:74d6ae68-8de6-496f-a9c4-df11b4f1d9cd,0,True,EmptyObject,none,none,clear,No
1750,1607938096573:4459016e-c56d-479a-92ba-57f8bba9d375,1607938096573:375decd7-914d-4c58-a716-35d4864b3fdb,0,True,EmptyObject,none,none,clear,No
1761,1607938096571:fad44ec1-2923-4b6e-8c05-1ba26249088b,1607938096571:09044305-8dea-46cb-bd66-85cd663f5fcb,0,True,EmptyObject,none,none,clear,No
1769,1607938096570:8c5b361e-3653-4230-b168-3e39a4ce416a,1607938096570:8d5dc4ed-9f2e-41b2-b29c-7350992a42a5,0,True,EmptyObject,none,none,clear,No
1774,1607938096570:0f994dae-10aa-4b95-8114-70c96513abd8,1607938096570:657fb470-79f0-4acf-ad44-1a8416567c53,0,True,EmptyObject,none,none,clear,No
1781,1607938096569:970b8a24-e402-458c-95ad-d98817d53dbd,1607938096569:02a81288-c314-4eb0-a6ee-21878fdf8d2c,0,True,EmptyObject,none,none,clear,No
1783,1607938096569:357f927e-2543-4044-999c-6dd48283b20a,1607938096569:e5353208-e7cc-4067-a668-3c3f2eaff687,0,True,EmptyObject,none,none,clear,No
1787,1607938096568:9dd1e28b-4de5-4229-9372-ae3046741ba0,1607938096568:28a0beeb-732d-4bdb-81cb-337a0063fe0c,0,True,EmptyObject,none,none,clear,No
1789,1607938096568:77bd38db-ef0a-497a-9296-3088c7e6c6f4,1607938096569:c1799c2c-dec6-4eae-a91f-52ec69c36e96,0,True,EmptyObject,none,none,clear,No
1798,1607938096567:2ed65361-1375-4e39-afb3-ee606f8d395d,1607938096567:0d8a4424-3884-4350-b9f5-de74a37760f6,0,True,EmptyObject,none,none,clear,No
1803,1607938096566:8b21223a-0b73-443f-8e85-9f55f2e68805,1607938096566:fc855d06-9286-4692-8f4c-dcd7daccffbd,0,True,EmptyObject,none,none,clear,No
1805,1607938096566:5aaf4854-5536-43f0-9c4a-9d11380d8576,1607938096566:fc5797c8-58be-49ed-8374-c4e98cd16da6,0,True,EmptyObject,none,none,clear,No
1807,1607938096566:2d2e0949-7cae-46aa-b304-f53fd131acc4,1607938096566:560294ee-8fec-4151-ac5c-14dc8bbf8c38,0,True,EmptyObject,none,none,clear,No
1814,1607938096564:f2b030ac-580a-425f-b36a-4c641bba2557,1607938096564:ecdec8ca-0a6d-4063-a5fc-b9c56a83b45c,0,True,EmptyObject,none,none,clear,No
1820,1607938096564:0e71c878-ac13-4e13-9fe0-aa8df29489a8,1607938096564:a42e21cc-5a03-456b-8e20-7ad5cb29b762,0,True,EmptyObject,none,none,clear,No
1833,1607938096561:fa2ff178-16f7-4c4c-80ee-f1d0b53504d1,1607938096561:e1066f9e-96b8-47d8-9bfc-6614603d579c,0,True,EmptyObject,none,none,clear,No
1840,1607938096560:b85facf6-f798-43cb-839d-bda16a91b102,1607938096560:ae587891-3989-4f8f-be24-31cb9fb8453c,0,True,EmptyObject,none,none,clear,No
1846,1607938096559:d2e6f7c1-d4f5-4bd2-8c9d-340b3b2f0d2d,1607938096559:5145a591-7e56-4b13-86d4-2fa81002c212,0,True,EmptyObject,none,none,clear,No
1860,1607938096557:beb2f4f1-8686-49d9-818e-79e931baf5dd,1607938096557:ea28528d-5303-41cc-bcc5-72b5bc57fb0f,0,True,EmptyObject,none,none,clear,No
1862,1607938096557:a0baf6ab-aadf-42d4-b9b0-1ac05518ed53,1607938096557:c8e16d5a-991c-45b7-994d-a2123a55995c,0,True,EmptyObject,none,none,clear,No
1866,1607938096557:01df7e69-4db2-4057-93fa-391698c65fbf,1607938096557:7c9afd31-ab09-4f67-8c90-99b4b92c6294,0,True,EmptyObject,none,none,clear,No
1877,1607938096555:84681f52-cfa0-4dac-a78c-56b6437e8852,1607938096555:52cce8e8-7dad-4145-97f3-c67c97ecd6d6,0,True,EmptyObject,none,none,clear,No
1886,1607938096554:792f845b-98e4-4aca-8c32-7e8ad469bbf6,1607938096554:4a103491-87ed-446c-8ae3-aca57f7b7919,0,True,EmptyObject,none,none,clear,No
1895,1607938096552:cb9ea33b-96d9-4d4b-833e-ef85bb5b28ca,1607938096552:95c5423b-f820-412c-a2b9-e299351aa23e,0,True,EmptyObject,none,none,clear,No
1900,1607938096552:38b9b10e-80c4-4c31-ba20-0d2bba09686a,1607938096552:ad1b38fb-b734-47c5-ab66-c09b4ae8b10d,0,True,EmptyObject,none,none,clear,No
1903,1607938096551:d7fde61e-9d43-4628-9788-68b9eecaba10,1607938096551:6f741560-ec40-4cec-b89c-9f56ac80fb52,0,True,EmptyObject,none,none,clear,No
1913,1607938096550:3d12024e-86b4-4c9d-b108-4f951fe22ba0,1607938096550:fbd77590-83e4-4968-9bc7-da0e63a1d159,0,True,EmptyObject,none,none,clear,No
1940,1607938096546:95b9a697-f457-4e70-a183-15c85f796c43,1607938096546:bd72d42d-da1f-48e5-b927-efb1aabdc424,0,True,EmptyObject,none,none,clear,No
1942,1607938096546:35eb962c-1e09-4ef3-886c-afa6d477c7f8,1607938096546:0c7cf799-61ce-4873-828d-1879685e3fa9,0,True,EmptyObject,none,none,clear,No
1945,1607938096545:fee55580-a357-41cc-81e6-e1fe1df2abce,1607938096545:4aac7d8e-f400-443f-97bd-7f1e064eb317,0,True,EmptyObject,none,none,clear,No
1948,1607938096545:f15db1b0-abee-44c6-83de-72e16aae25ca,1607938096545:80de5a37-6e23-4d82-b1b8-207941c5709e,0,True,EmptyObject,none,none,clear,No
1950,1607938096545:dc18a310-bebc-4400-963a-77db2ad1d419,1607938096545:3e366c0c-7934-4d26-add9-cda73fe4bd21,0,True,EmptyObject,none,none,clear,No
1952,1607938096545:9155cd89-f94a-43ae-af33-43853927f41c,1607938096545:86704910-61ed-4aa7-8176-1d39ef9d1969,0,True,EmptyObject,none,none,clear,No
1961,1607938096543:7ecb0963-3f88-4702-a2ec-957a4eb99c73,1607938096543:55fed262-99bb-4946-b36d-fe9dd0de5b0c,0,True,EmptyObject,none,none,clear,No
1974,1607938096541:715c2a3b-1138-4fee-9cc4-71640ba24eb7,1607938096541:d993996a-af07-4674-887c-5e6493fdca40,0,True,EmptyObject,none,none,clear,No
1976,1607938096540:c5d4677e-cbb8-4bde-b2cb-58546ea91f99,1607938096540:deb6e023-5852-4f95-835e-df4733a1648a,0,True,EmptyObject,none,none,clear,No
1981,1607938096538:eb7f3eea-628a-4864-b4e1-312addb1e4ae,1607938096538:e207f451-e56d-4e1b-9f36-1ccdd31e858f,0,True,EmptyObject,none,none,clear,No
1991,1607938096537:8cc6d8e2-d8d2-4264-8c50-e10ca77c1874,1607938096537:8948eaad-057a-4bcc-bbfb-600034fab9bb,0,True,EmptyObject,none,none,clear,No
1995,1607938096534:de44d800-8cde-434c-a047-3619ceba7a8d,1607938096534:c7c2968b-6284-401b-82a0-56f53550f132,0,True,EmptyObject,none,none,clear,No
2004,1607938096533:bdeb81bf-66a9-4c9e-bfc0-f8f1f80006ba,1607938096533:5d9c8987-efd8-470b-a33a-957f155e6354,0,True,EmptyObject,none,none,clear,No
2012,1607938096533:1f743970-c942-482c-89ed-8e6510af70a2,1607938096533:ea188c3c-a9af-43d8-997b-8d69256f0bb4,0,True,EmptyObject,none,none,clear,No
2015,1607938096532:c91b30b0-668e-44b1-8096-7ae303b7e490,1607938096532:7890c84c-be3f-4dc6-bf8f-ff54b72c17c0,0,True,EmptyObject,none,none,clear,No
2017,1607938096532:94383051-7ea5-43a2-a97b-edcfaa2c6ae0,1607938096532:d4b4d07c-6114-455b-9eb2-b554b746ed13,0,True,EmptyObject,none,none,clear,No
2023,1607938096532:0e81cfc1-5570-40e7-abc2-66c0038918b9,1607938096532:63ca8868-ddac-4ac0-a5e1-5274e99c1cf9,0,True,EmptyObject,none,none,clear,No
2029,1607938096531:a9710298-2e15-40a7-824f-aed50007ade2,1607938096531:c879b17b-b4cc-4213-8817-dfd074050d37,0,True,EmptyObject,none,none,clear,No
2031,1607938096531:7d06301b-702b-498d-b016-b17804a99c00,1607938096531:8fcbb928-e06b-469b-963e-2ded9833b257,0,True,EmptyObject,none,none,clear,No
2036,1607938096530:dd55effe-48d5-4d96-9e0a-2b35f0c47eaa,1607938096530:ef89034e-e046-4a5a-82c6-1fea5c55a97a,0,True,EmptyObject,none,none,clear,No
2049,1607938096529:a0342081-db6a-40a8-b75e-1d92c377f117,1607938096529:95e30f04-07d2-4338-8ed8-cf515361b698,0,True,EmptyObject,none,none,clear,No
2065,1607938096527:a04c5152-c1d5-4f53-8c72-9ba49477f325,1607938096527:d729d11d-5557-42bb-a2a4-a099f987aa3c,0,True,EmptyObject,none,none,clear,No
2067,1607938096527:942c8a09-c24f-48d2-8a22-bbce6c4b1bb2,1607938096527:450cec6a-c7fc-4f0a-98a6-bd7afa71a7f9,0,True,EmptyObject,none,none,clear,No
2072,1607938096527:3a52c87b-c15c-4560-b8fa-26f87c57faf5,1607938096527:21b19ebc-7556-4efd-89be-a196c3fbd158,0,True,EmptyObject,none,none,clear,No
2075,1607938096527:10494613-e174-4c59-9792-30db29779f18,1607938096527:287fa2af-2031-44af-8e93-a973272767b2,0,True,EmptyObject,none,none,clear,No
2081,1607938096526:83a92229-9c58-494d-a9b4-cf150e985a93,1607938096526:ca10662a-9907-44a7-bf20-ab1dd3183677,0,True,EmptyObject,none,none,clear,No
2084,1607938096526:3ec2616b-34d9-42b2-8ed3-5199b1337183,1607938096526:88554f7a-76c0-47df-bcfb-9e126d64d2e6,0,True,EmptyObject,none,none,clear,No
2100,1607938096524:84f6c73e-c09b-4ab8-86cd-6e6bbd046e45,1607938096524:9cca798e-9caf-41bc-b7ac-316d616ad4c9,0,True,EmptyObject,none,none,clear,No
2102,1607938096524:58bb1a4d-e5ef-4c3e-9960-65f38b0d919c,1607938096524:670830ea-82d4-4704-802a-e2d7b829fc8d,0,True,EmptyObject,none,none,clear,No
2108,1607938096524:2335faf8-dc99-46ab-9ed5-68eb88da06af,1607938096524:a478ff3d-f7d5-4959-98fa-e0d5b4f22733,0,True,EmptyObject,none,none,clear,No
2116,1607938096523:3e32fb49-fd11-45d2-9e1b-7919a666bc39,1607938096523:4978ff96-9df6-48ca-bb55-597cc752a8e8,0,True,EmptyObject,none,none,clear,No
2129,1607938096521:df85d9f8-dc2b-415f-9186-0d4b7f45705a,1607938096521:bb3b081f-e27f-4dd0-b1c4-bd1da8e89492,0,True,EmptyObject,none,none,clear,No
2131,1607938096521:cfc0d690-9308-41b8-8e1d-08d8b8762abc,1607938096521:892b8c4a-dcb2-455a-a882-9e368d67162a,0,True,EmptyObject,none,none,clear,No
2135,1607938096521:7fbe0200-63f8-460a-ae45-4d3f81e6f515,1607938096521:9f2dfb51-a596-49a5-83ad-7d0b737637fe,0,True,EmptyObject,none,none,clear,No
2139,1607938096520:cc4e7a16-4e37-4126-b54e-371246f9f02d,1607938096520:6321652d-cb9b-4491-b39e-dde327e96217,0,True,EmptyObject,none,none,clear,No
2142,1607938096520:9da9316b-60e7-44bc-b47c-67d595b96b53,1607938096520:700fd17c-4755-4895-aad0-37e5866af43a,0,True,EmptyObject,none,none,clear,No
2145,1607938096520:586dac6c-ccca-475b-9dee-35610040b7cf,1607938096520:c36909c2-4e19-4ada-8731-924a50082591,0,True,EmptyObject,none,none,clear,No
2151,1607938096519:d6c4c982-c7ee-487a-9314-1fa55b9dc2cd,1607938096519:f29ae466-59d4-4b66-b0cf-ed099d0c2c86,0,True,EmptyObject,none,none,clear,No
2153,1607938096519:c2a60535-b50b-4ec5-863f-9fe3662cbc47,1607938096519:6e30054f-3bc4-4ab6-927e-4839e94fa3c4,0,True,EmptyObject,none,none,clear,No
2162,1607938096518:bcb7ad80-03bd-49e2-aae4-79b68a5ebfd0,1607938096518:4a4d6a60-303a-46f1-bd84-72730a6f8292,0,True,EmptyObject,none,none,clear,No
2164,1607938096518:593e32b5-2fc8-4988-a409-bce36f866987,1607938096518:7ba69eed-f1ec-4749-a8d3-e12a5a460c2c,0,True,EmptyObject,none,none,clear,No
2166,1607938096517:f13805f7-e836-4ccf-9c16-828353d9f423,1607938096517:de9c6984-d84d-4983-ba30-9f8162a09957,0,True,EmptyObject,none,none,clear,No
2179,1607938096516:516d3ece-9e37-4bc6-845e-4fa686caf18b,1607938096516:992f8ddb-1b6c-4e3f-877b-437aacfe2ae3,0,True,EmptyObject,none,none,clear,No
2181,1607938096516:0c5a9d95-ee53-4605-a27e-95d83f70b172,1607938096516:ec6a919c-262a-4d47-9800-d21dc4aecccc,0,True,EmptyObject,none,none,clear,No
2188,1607938096515:5adba38e-8a0b-4322-9420-35d323ac2d00,1607938096515:ee59f2c3-e932-4cea-9de6-f07e967521bd,0,True,EmptyObject,none,none,clear,No
2191,1607938096515:0ff1159f-5082-4544-9864-ef063d09d473,1607938096515:9550b5a5-7257-4ea8-9c7e-a5478688b048,0,True,EmptyObject,none,none,clear,No
2193,1607938096514:fdf278d7-7c73-4ce3-9a98-ffe2b87651ff,1607938096514:2dc0ae28-5c94-4daf-8177-201b89fec581,0,True,EmptyObject,none,none,clear,No
2201,1607938096513:f2d3cb68-5266-4afc-98d1-c75778dfea3a,1607938096513:b059badd-746d-4db7-8d10-c706bee7ec67,0,True,EmptyObject,none,none,clear,No
2203,1607938096513:41876d91-2001-49e4-9d2a-00ade84c46b4,1607938096513:7f0f71eb-4236-4f93-984a-fe1bd9ac1feb,0,True,EmptyObject,none,none,clear,No
2207,1607938096512:9b1baebc-2e31-4899-a2b4-27e88a140585,1607938096512:7a10a4f5-0f3f-4e39-b7c6-f46408ec7385,0,True,EmptyObject,none,none,clear,No
2213,1607938096511:ff664eae-0d85-4efe-9ead-3f55cb17e65b,1607938096511:f4c7ff82-1592-40fa-a949-6f937b7f8176,0,True,EmptyObject,none,none,clear,No
2217,1607938096511:2c247571-50ee-4bd4-983f-ff8cb82de771,1607938096511:50b19cfd-b70a-4681-aaa0-78a4189dd9bf,0,True,EmptyObject,none,none,clear,No
2219,1607938096511:0715531b-f466-4eb0-ba5b-0326ede6839f,1607938096511:6806999f-9fb7-41a4-9490-a62777b894ed,0,True,EmptyObject,none,none,clear,No
2222,1607938096510:8473c400-1e69-46a3-8300-9e5d396b0f84,1607938096510:a3927f16-8c2d-4211-9ed7-01daf968b697,0,True,EmptyObject,none,none,clear,No
2224,1607938096510:239ecc9a-8407-4807-bf53-f46791cbaa17,1607938096510:fb13cefc-4774-4133-ad06-7762c0da094c,0,True,EmptyObject,none,none,clear,No
2227,1607938096510:0ba08239-4f11-4a90-8061-f0dc53bcb4ce,1607938096510:1b6f355c-3eea-4403-b97d-b01af2cd7f0f,0,True,EmptyObject,none,none,clear,No
2230,1607938096509:a78ef82a-5edd-455c-b442-fff6d554bbdb,1607938096509:ab1fd924-fbcf-407a-9304-dfdf130aadf7,0,True,EmptyObject,none,none,clear,No
2234,1607938096508:fc02b11a-b8ec-43cb-8ef6-1db889a16133,1607938096508:c8415692-3e9a-4fab-a389-763f088edfd9,0,True,EmptyObject,none,none,clear,No
2240,1607938096508:01a353b9-aaa6-4afc-89ea-72c049a3afb6,1607938096509:f83502dc-3dad-4160-8509-36535cc0f368,0,True,EmptyObject,none,none,clear,No
2252,1607938096505:d6829c53-fa71-4869-ac6f-63af222616bf,1607938096505:c09bddb7-2b6b-4cce-bffe-84b47b80edbd,0,True,EmptyObject,none,none,clear,No
2258,1607938096504:ac3713d7-140d-44f0-88a8-c2f7de0a539b,1607938096504:165e7d5d-57f3-47b0-a543-f19ffced8b8f,0,True,EmptyObject,none,none,clear,No
2264,1607938096503:5d7f88c1-d47b-4d4d-b097-ca6a8fe382c0,1607938096503:a06999ca-3a7d-4cde-bb27-63dc3cd7170b,0,True,EmptyObject,none,none,clear,No
2268,1607938096503:0daea910-37f2-4fc3-b6dd-62ffab5f54e3,1607938096503:6d1dc4fb-c037-4a3e-83b8-7bc36618a28e,0,True,EmptyObject,none,none,clear,No
2275,1607938096502:24bfda56-9dd3-407b-839a-b821d607f18d,1607938096502:9253440e-28d0-4bae-b1f2-8cf5880dabd6,0,True,EmptyObject,none,none,clear,No
2281,1607938096500:a74095c4-8157-4ecf-a090-b0b58a487f93,1607938096500:9c2a44dc-31b2-4d3c-aa16-c367cc5bdd90,0,True,EmptyObject,none,none,clear,No
2287,1607938096500:1e62e977-1061-40df-9bb9-ce99cc853a15,1607938096500:c9897fb4-4470-405c-b6c3-6b2290472d10,0,True,EmptyObject,none,none,clear,No
2288,1607938096500:1e62e977-1061-40df-9bb9-ce99cc853a15,1607938096500:c9897fb4-4470-405c-b6c3-6b2290472d10,0,True,EmptyObject,none,none,clear,No
2289,1607938096500:1e62e977-1061-40df-9bb9-ce99cc853a15,1607938096500:c9897fb4-4470-405c-b6c3-6b2290472d10,0,True,EmptyObject,none,none,clear,No
2294,1607938096499:7b83a6ce-45a6-4f98-9eba-f46bae02b047,1607938096499:b9410bb5-bc31-4720-ac56-3de669e51324,0,True,EmptyObject,none,none,clear,No
2299,1607938096498:b31b3730-7a2b-4da0-af13-93bd2c25f96b,1607938096498:70213a96-0e91-4378-a625-b59a02296a9a,0,True,EmptyObject,none,none,clear,No
2309,1607938096496:7b375c27-eaa2-45bc-9d41-cbf5b94e2c34,1607938096496:021ea5f3-f3b5-4fd9-a3a3-e666cee03396,0,True,EmptyObject,none,none,clear,No
2311,1607938096496:7673d2cf-bc75-4e44-a892-beef6a76b975,1607938096496:f645252d-47ca-4f99-8d2d-f3b2e46bb9b2,0,True,EmptyObject,none,none,clear,No
2316,1607938096495:a7b88086-e594-4893-be7c-5bf3c8a0a541,1607938096495:07226ddf-11cf-43b8-84bd-9bb685c12f9a,0,True,EmptyObject,none,none,clear,No
2319,1607938096495:2b18a1e9-a87e-48f2-a9b8-4093ddffe69b,1607938096496:86ac79c1-badf-4272-b43e-9f99f8cddbc3,0,True,EmptyObject,none,none,clear,No
2327,1607938096493:4b799ec0-c729-44df-8833-fc2886f45e18,1607938096493:0d4f5b73-b335-40a1-864f-773531949cd3,0,True,EmptyObject,none,none,clear,No
2333,1607938096492:6af47f46-bafe-4618-9a14-860b6e0e6c66,1607938096492:c996d694-1988-4b10-a1d5-197d48106431,0,True,EmptyObject,none,none,clear,No
2336,1607938096491:a9e2f9ae-0efd-46b2-8313-c79511047d06,1607938096491:9d0f67e7-22a8-49c2-bf07-4115e760f107,0,True,EmptyObject,none,none,clear,No
2337,1607938096491:a9e2f9ae-0efd-46b2-8313-c79511047d06,1607938096491:9d0f67e7-22a8-49c2-bf07-4115e760f107,0,True,EmptyObject,none,none,clear,No
2338,1607938096491:a9e2f9ae-0efd-46b2-8313-c79511047d06,1607938096491:9d0f67e7-22a8-49c2-bf07-4115e760f107,0,True,EmptyObject,none,none,clear,No
2340,1607938096491:60753ff0-64d1-4d55-aaa8-99203b4c0cad,1607938096491:1981dc50-6cbb-4e05-8d9a-d96cf2c337a2,0,True,EmptyObject,none,none,clear,No
2342,1607938096491:4d38c265-7a29-4a53-8689-cf77e587e4f7,1607938096491:11a93ad1-a63e-452c-b42c-edc99103ca2e,0,True,EmptyObject,none,none,clear,No
2349,1607938096490:0715f6ef-c98e-4dac-adbb-db455c92169e,1607938096490:f19eb798-bdd0-41c2-852a-fa3790c2083f,0,True,EmptyObject,none,none,clear,No
2355,1607938096488:bd8492b8-f7e9-4b01-bd4b-3c4b3faf5061,1607938096488:23ab58ee-e035-400d-8144-cacbb1836cea,0,True,EmptyObject,none,none,clear,No
2378,1607938096484:60fdf496-5e12-4c2f-b00a-f08cea4c8d21,1607938096484:60bd2f07-d438-4362-8a70-dae27648332f,0,True,EmptyObject,none,none,clear,No
2382,1607938096483:e4b00f35-2b76-4d88-a3bf-931397fa19cf,1607938096483:6dd7bbb1-c7c7-4988-a058-8389bb25828b,0,True,EmptyObject,none,none,clear,No
2384,1607938096483:d579db1e-8380-44f3-85bb-f00672d1c57c,1607938096483:c873ffdb-921d-476c-8745-92fe50bde332,0,True,EmptyObject,none,none,clear,No
2387,1607938096482:fe6a7d1c-fd85-431b-8607-e0d4ea5ba520,1607938096482:6449d7b4-2868-434e-8ae9-7e44e094b335,0,True,EmptyObject,none,none,clear,No
2394,1607938096481:5973d6e9-a4eb-41d5-b875-e01580b9420d,1607938096481:15461aad-26c4-4e26-b492-790d2bfd37b7,0,True,EmptyObject,none,none,clear,No
2407,1607938096478:5a5d3da0-314a-4ee4-a2d6-6fdbd20e71e9,1607938096478:8c8dbd4a-a244-4960-a7ab-5a5ba94e15da,0,True,EmptyObject,none,none,clear,No
2411,1607938096477:bb078fe2-9258-4968-b426-aa87b19d337d,1607938096477:4c2f4aa0-48cb-45fa-88fa-ca3d94111ca4,0,True,EmptyObject,none,none,clear,No
2414,1607938096477:16f3dbc9-2131-4477-9d7b-70790d73ac4c,1607938096477:f586f54c-5af9-4c60-99e7-8585f531f9a2,0,True,EmptyObject,none,none,clear,No
2416,1607938096477:0735834c-aa9e-4b15-b5be-a6ff2dbe510c,1607938096477:23f82a9d-59a7-4580-996e-1f87557b7e2e,0,True,EmptyObject,none,none,clear,No
2425,1607938096475:47178722-c47e-4ec7-b9d7-57cd8b4ec36f,1607938096475:7254b210-1ea8-4ea0-ae2f-a1e6e6889b87,0,True,EmptyObject,none,none,clear,No
2435,1607938096472:c57026a1-c905-4c90-8e60-7c2caa02fe41,1607938096472:d23ed364-3dba-4d43-9a30-fca5fc9ee87c,0,True,EmptyObject,none,none,clear,No
2448,1607938096470:67ae341b-787b-4b3f-96fb-312467e1b992,1607938096470:4a2ac8c0-3d31-4def-99f6-dee1d93bba97,0,True,EmptyObject,none,none,clear,No
2457,1607938096468:057bfda8-ef33-43a4-bda3-862cc55793c4,1607938096468:ac89958c-c7ca-4abc-a499-c8628240d17a,0,True,EmptyObject,none,none,clear,No
2460,1607938096467:96e649d7-2b3c-4ee4-995e-9d6c52d93883,1607938096467:3785e2d7-ffed-4668-bca6-621c0acd2fa3,0,True,EmptyObject,none,none,clear,No
2469,1607938096465:5f6745c6-83d8-470d-8ff0-d4788a959797,1607938096465:2529d141-08d6-464d-83d8-d10d5c98e806,0,True,EmptyObject,none,none,clear,No
2471,1607938096464:e12f0269-32f7-4896-b3d6-55963536fb9e,1607938096464:1ae4da09-14e4-49a6-b69f-d12ab28320a2,0,True,EmptyObject,none,none,clear,No
2473,1607938096464:74a6420f-7971-46d1-a9fe-a5bea40a0b4c,1607938096464:2d1d8074-5055-49f5-8aa0-85670c73bc16,0,True,EmptyObject,none,none,clear,No
2481,1607938096463:59c3f18d-66be-4dc5-a4e6-be4658437bd8,1607938096463:93d1d2dc-d45c-4e3b-afbe-942fb7b37786,0,True,EmptyObject,none,none,clear,No
2486,1607938096461:760f0de2-ff4d-4ca4-a4af-90f8b4dd1d91,1607938096461:13b6f51a-3e9b-420b-8be1-5c6bd056b11f,0,True,EmptyObject,none,none,clear,No
2489,1607938096461:07c5c74b-1eb1-4847-8d73-e9b35b96c42c,1607938096461:af443eed-3dbc-4aa2-89f8-1784109d47d9,0,True,EmptyObject,none,none,clear,No
2498,1607938096458:bda394c5-04d0-450f-8425-9349698c54dd,1607938096458:89f564c2-7247-4b1b-8dab-8195bd793109,0,True,EmptyObject,none,none,clear,No
2502,1607938096458:2e000904-5a11-41f2-bfbb-d966aa10b9c7,1607938096458:3ea08184-7129-4592-a58e-72e946296f1e,0,True,EmptyObject,none,none,clear,No
2511,1607938096456:5759bef0-97ff-4239-a0f8-a1515fd41aad,1607938096456:6469d637-a09b-49f8-8465-2bd50ff473c4,0,True,EmptyObject,none,none,clear,No
2519,1607938096454:5d9f5bc5-0572-44b3-98d4-c5659c1b02a7,1607938096454:cf4f7819-8230-412c-96c8-d61c2168f8b6,0,True,EmptyObject,none,none,clear,No
2525,1607938096452:4e6e0b25-cc12-4912-aad8-ed757965c872,1607938096452:d6426378-19f8-480b-9689-4093a44b91ac,0,True,EmptyObject,none,none,clear,No
2528,1607938096450:f701d2b7-8ea6-4e07-b424-bc0fbf5c3937,1607938096452:40b5626f-dc23-4777-bcb4-abf66b7ed309,0,True,EmptyObject,none,none,clear,No
2532,1607938096449:7bec89dd-627f-4615-8cf5-dd0bae479f78,1607938096449:ec400a3b-b187-49cc-953d-5f7fb6a9de9d,0,True,EmptyObject,none,none,clear,No
2535,1607938096448:eb88da4a-845d-49e9-8068-cd8651a491e0,1607938096448:665e926a-839a-461a-95ca-e3b102eacf7c,0,True,EmptyObject,none,none,clear,No
2537,1607938096448:bed7a5df-bdf4-46bf-95dd-fa83f1d7b07b,1607938096448:f298b87a-42af-4b7b-9ff4-dc6ac5a1508e,0,True,EmptyObject,none,none,clear,No
2539,1607938096448:a58c87bb-a1a9-43e0-9137-0fd8232ec0f5,1607938096448:e5b1a8d8-b0e1-4ed3-a4b3-f3997257c4c2,0,True,EmptyObject,none,none,clear,No
2541,1607938096447:f94f026d-649f-4715-9404-98a030cf8a22,1607938096447:6a6badd2-8dd0-45ee-9da3-00c104288fa9,0,True,EmptyObject,none,none,clear,No
2547,1607938096446:8cb194e7-dbc9-4fe8-9e87-b3f2aa457172,1607938096446:6cad672c-0d8e-48b3-98bd-d300c26f564d,0,True,EmptyObject,none,none,clear,No
2550,1607938096445:b704910e-7706-4cd4-91b1-72c824b82f2e,1607938096445:f3b7aee7-4299-4168-b4f5-8de1f91592ac,0,True,EmptyObject,none,none,clear,No
2556,1607938096444:0c16c3e2-31be-4ac0-a92f-34c500f2d656,1607938096445:18578e38-04c8-4de7-86c0-3e2d66747737,0,True,EmptyObject,none,none,clear,No
2569,1607938096440:52ba46bd-2295-41b1-bab0-4e91d43d4707,1607938096440:f9479c5c-e422-4e9c-87e7-9402d897612b,0,True,EmptyObject,none,none,clear,No
2571,1607938096440:0930655c-556a-404c-b1f8-f006a0266cbb,1607938096440:995c4af1-f68e-46ab-af98-acd0b853afa4,0,True,EmptyObject,none,none,clear,No
2574,1607938096439:42762445-e262-451d-8100-52e0d9cc1c68,1607938096439:44a101ed-9898-4371-bcf2-ab2ecccc7bc1,0,True,EmptyObject,none,none,clear,No
2579,1607938096437:b67fdc90-f662-4875-9f2e-67fd62a4c97d,1607938096437:5dcdd46d-6c24-496f-b2c0-1e085d82e5ed,0,True,EmptyObject,none,none,clear,No
2582,1607938096437:b35b4b04-ee5d-4c84-bcba-a3122107219b,1607938096437:8ca27a07-ce29-4f87-821c-98cedc8dbe1f,0,True,EmptyObject,none,none,clear,No
2597,1607938096432:40698ffd-e1d6-47d5-8607-076e877ef470,1607938096432:886120ea-ce94-4fd3-94d9-381f72b8b604,0,True,EmptyObject,none,none,clear,No
2599,1607938096432:3da35b46-ff4e-4b8d-93a4-35459cde5ae4,1607938096433:6e848833-b126-4b16-9c1b-5c99429af959,0,True,EmptyObject,none,none,clear,No
2606,1607938096430:ac4e2b3e-b3b8-49a1-979c-f898ed9bd1d8,1607938096430:1a503aa6-9a2a-46e0-8faa-3b5e1413b122,0,True,EmptyObject,none,none,clear,No
2612,1607938096428:2f539514-832f-4b5e-9e5b-2e07c854b459,1607938096428:066fbb1f-c20e-4c79-ba27-6d9f370197b3,0,True,EmptyObject,none,none,clear,No
2616,1607938096427:b3be1f7c-fe42-4ef1-965c-91e636a6231a,1607938096427:b4e9fbf9-6e30-4abb-8571-7daf2cf1b4f2,0,True,EmptyObject,none,EmptyObject,none,No
2622,1607938096425:94f9a6d2-293e-4453-8e0a-6e1860f38345,1607938096425:8e870c36-cca3-48af-96d3-989f484e97ff,0,True,EmptyObject,none,none,clear,No
2626,1607938096424:3bf39a52-a1eb-40b9-b85d-621aa44d8e79,1607938096424:b519a2b7-1277-4448-b29c-593077be445a,0,True,EmptyObject,none,none,clear,No
2633,1607938096421:d7ccf9bf-2175-4666-93ca-5ad866816bab,1607938096421:49268355-8a07-4bc3-89bb-8d484c2746ee,0,True,EmptyObject,none,none,clear,No
2637,1607938096419:e08bdc68-0f0b-4f11-bdd1-9448cccf1ab1,1607938096419:5d492f22-f30a-4c4e-8ef2-20bee2b36cdb,0,True,EmptyObject,none,none,clear,No
2642,1607938096418:201a309b-a2a1-43d4-a8f5-af6fd3e74a9a,1607938096418:65ae77c3-b83b-402b-8040-f4dd7b125d5c,0,True,EmptyObject,none,none,clear,No
2643,1607938096418:201a309b-a2a1-43d4-a8f5-af6fd3e74a9a,1607938096418:65ae77c3-b83b-402b-8040-f4dd7b125d5c,0,True,EmptyObject,none,none,clear,No
2644,1607938096418:201a309b-a2a1-43d4-a8f5-af6fd3e74a9a,1607938096418:65ae77c3-b83b-402b-8040-f4dd7b125d5c,0,True,EmptyObject,none,EmptyObject,none,No
2647,1607938096417:93617bcd-e993-455f-bc73-9fa9987318b2,1607938096417:bb9dfb11-80a8-4b54-9b9d-fcc7336b2997,0,True,EmptyObject,none,none,clear,No
2651,1607938096416:282c19d4-998d-4995-97df-54e3a6415a27,1607938096416:61bde7d8-1314-4952-93ab-a4299e749dc9,0,True,EmptyObject,none,none,clear,No
2652,1607938096416:282c19d4-998d-4995-97df-54e3a6415a27,1607938096416:61bde7d8-1314-4952-93ab-a4299e749dc9,0,True,EmptyObject,none,EmptyObject,none,No
